id,claim,source_file,source_line_or_section,verified,notes
EV-001,"sk-nav-pill.css uses --sk-bg-pill as the active-item background fill",packages/styles/src/nav-pill/sk-nav-pill.css,"lines 39-50, 128-143 (.sk-nav-pill__item--active and slotted/hover variants)",yes,"Four occurrences of background: var(--sk-bg-pill); confirms FR-015/C-004's precedent claim exactly."
EV-002,"sk-skip-link.css's forced-colors block uses the longhand outline-color: Highlight, never the outline shorthand",packages/styles/src/skip-link/sk-skip-link.css,"lines 67-77 (@media (forced-colors: active) block)",yes,"Matches C-004/C-010's cited technique exactly."
EV-003,"sk-data-table.css's forced-colors block uses the longhand border-left-color with Canvas/CanvasText/Highlight, never the border shorthand",packages/styles/src/data-table/sk-data-table.css,"lines 247-258 (@media (forced-colors: active) block)",yes,"Three longhand declarations confirmed: border-left-color: Canvas / CanvasText / Highlight."
EV-004,"packages/styles/src/form-select/ holds one .css, seven authored .html exemplars, a generated index.ts, and a .stories.ts file (styles-only directory shape)",packages/styles/src/form-select/,directory listing,yes,"compact/disabled/long-options/optgroups/required-invalid/t10-lane/t12-filters .html files = 7; sk-form-select.css authored; index.ts generated; sk-form-select-html.stories.ts authored."
EV-005,"packages/styles/src/disclosure/ holds one .css, four authored .html exemplars, a generated index.ts, and a .stories.ts file",packages/styles/src/disclosure/,directory listing,yes,"closed/long-body/nested/open .html files = 4; sk-disclosure.css authored; index.ts generated; sk-disclosure-html.stories.ts authored."
EV-006,"sk-form-select.spec.ts is structured in two test.describe blocks: a source/distribution-contract block and a live cross-browser block, matching the pattern this mission's Playwright spec must follow",apps/storybook/src/tests/sk-form-select.spec.ts,"lines 100 ('sk-form-select source, markup, and distribution contract'), 139 ('the component remains styles-only and absent from element, wrapper, behavior, and mutation surfaces'), 180 ('sk-form-select live native semantics')",yes,"Confirms the two-block shape plan.md's IC-04 cites as precedent."
EV-007,"sk-notice-forced-colors.spec.ts measures a non-color property (border width) to prove the forced-colors block is load-bearing, not merely present",apps/storybook/src/tests/sk-notice-forced-colors.spec.ts,"lines 1-58 (file header comment and edgeWidth/test body)",yes,"Confirms the 'measure width, not just color' pattern NFR-004 and the plan cite as the forced-colors verification technique."
EV-008,"sk-context-nav.spec.ts:813 is await ordinary.hover(); inside the hover/active/focus-visible/current cue-delta test",apps/storybook/src/tests/sk-context-nav.spec.ts,"line 808 (test start), line 813 (await ordinary.hover();)",yes,"Matches spec.md FR-009's citation exactly — correct as written, no staleness."
EV-009,"sk-transition-matrix.spec.ts:285 is NOT the positive computed-style-delta precedent — it is inside the negative/invariance test asserting hover produces NO delta on a non-selectable row",apps/storybook/src/tests/sk-transition-matrix.spec.ts,"line 265 (test start: 'non-selectable selected data has zero interaction residue'), line 285 (await row.hover();)",yes,"CONTRADICTS spec.md FR-009's citation of :285 as the positive-delta pattern. This is the wrong test for that citation's purpose. See EV-010 for the correct line."
EV-010,"The actual positive computed-style-delta precedent in sk-transition-matrix.spec.ts is at line 312 (test start) / line 326 (hover call), not line 285",apps/storybook/src/tests/sk-transition-matrix.spec.ts,"line 312 (test start: 'selectable rows expose positive hover, keyboard focus-visible, and active or pressed deltas'), line 326 (await row.hover();)",yes,"plan.md's Technical Context section already corrected this (cites :312, flags spec.md's :285 as stale). This research independently re-verified plan.md's correction is right."
EV-011,"sk-bar-chart.spec.ts:257 is await trigger.hover(); inside the rest/hover/focus/active/selected state-distinctness test",apps/storybook/src/tests/sk-bar-chart.spec.ts,"line 241 (test start: 'real rest, hover, focus, active, selected and nonselectable states stay distinct'), line 257 (await trigger.hover();)",yes,"Matches spec.md FR-009's citation exactly — correct as written, no staleness."
EV-012,"expected-stories.json's current total (before this mission) is 323",expected-stories.json,line 449,yes,"323 + 13 (this mission's planned story count) = 336, matching plan.md's Story-id ratchet section's stated target exactly."
EV-013,"expected-stories.json's $comment states 'Docs entries are excluded, matching every other element here'",expected-stories.json,"$comment array, #177 entry (sk-card addition)",yes,"Verbatim phrase found. Confirms FR-013's claim about the ratchet's own documented convention."
EV-014,"expected-stories.json's sk-workflow-board entry documents an intentional Default/DefaultDark duplication, matching this mission's planned DefaultDark story reuse rationale",expected-stories.json,"$comment array, line 34 (sk-workflow-board / #209 entry)",yes,"Confirms plan.md's Project Structure section's citation of this precedent for reusing sk-segmented-choice-default.html to also back DefaultDark."
EV-015,"expected-stories.json's sk-form-select entry lists exactly 10 story ids, backed by 7 authored .html files (the file/story asymmetry precedent)",expected-stories.json,"lines 250-260",yes,"Corroborates EV-004 and plan.md's '7 files, 10 stories' precedent claim used to justify this mission's planned 9 files / 13 stories asymmetry."
EV-016,"stylelint.config.mjs's ignoreValues array already contains Canvas, CanvasText, Highlight, HighlightText, ButtonText, LinkText, GrayText",stylelint.config.mjs,"lines 52-58",yes,"Confirms plan.md's IC-03 claim that adding these keywords is 'likely a no-op addition' — all seven already present."
EV-017,"stylelint's declaration-strict-value policed-property list does not include the border or outline shorthand, so a hardcoded-color shorthand would pass the gate identically to a token",stylelint.config.mjs,"line 23 (policed-property array: ['/color/', 'background', 'background-color', 'font-family', 'padding', 'margin', 'border-radius']); lines 35-51 (rationale comment on the unpoliced shorthand)",yes,"Confirms C-010's rationale for requiring the longhand -color form in forced-colors overrides. The config file's own comment independently states the same concern C-010 gives. Corrected 2026-09-08: prior citation of 'line 20' (a one-line header comment, not the array) and 'lines 26-33' (the literal ignoreValues entries, not the rationale comment) was off by the stated amounts."
EV-018,"ADR-10's styles-only class-level ruling names exactly five components (sk-facts, sk-disclosure, sk-data-table, sk-empty-state, sk-skip-link) under a structural-necessity rationale that does not include sk-form-select",docs/architecture/decisions/2026-09-02-10-distribution-and-canonical-markup.md,"lines 69-112 ('Styles-only components are a class, not a fixed exception count' section)",yes,"Confirms spec.md's Terminology section's careful distinction: sk-segmented-choice is styles-only per issue #270's explicit instruction, not per this ADR's structural rationale, and sk-form-select is correctly excluded from the five-component list."
EV-019,"ADR-11's 11 required-behaviours items each presuppose a shadow root, Lit class, or registered custom element — none apply to a component with none of those",docs/architecture/decisions/2026-09-02-11-verification-stack-and-wrapper-generation.md,"lines 44-70 (two-layer table and 11-item required-behaviours list)",yes,"Confirms plan.md's Charter Check section and FR-014's 'confirmed, not assumed' claim that ADR-11's required-behaviours list is inapplicable here."
EV-020,"docs/contributing/adding-a-component.md states visual baselines are CI-authoritative and must be taken from the visual-regression-diffs artifact, never a local run",docs/contributing/adding-a-component.md,"section 8 ('Visual baseline'), lines 391-395",yes,"Confirms C-009/plan.md Gate Enumeration's citation. Also the same rule reviews/plan-fresh-2.yaml's PLAN-FRESH2-001 finding says IC-04's new sequencing text reads as contradicting."
EV-021,"grep -rn segmented across apps/demo/*.html and scripts/assemble-demo-dist.sh returns zero hits",apps/demo/*.html; scripts/assemble-demo-dist.sh,"whole files",yes,"Confirms C-008/FR-016's no-op claim. Command run 2026-09-08, exit code 1 (no match)."
EV-022,"docs/architecture/elements-first-programme.md states pre-merge is not tiered: every PR gets the full four-lens gate with evidence posted before merge",docs/architecture/elements-first-programme.md,line 31,yes,"Confirms C-009's citation of this document for what 'Tier C, pre-merge' means operationally."
EV-023,"docs/architecture/elements-first-programme.md's tier table maps Tiers A/B/C to internal mission slugs M2-M16, and does not mention issue #270 or 'segmented' anywhere in the file",docs/architecture/elements-first-programme.md,"lines 35-37 (tier table); whole-file grep for '270' and 'segmented'",yes,"Confirms C-009's claim that this document 'does not enumerate this mission at all' and is cited only as a record of what the tier terms mean, not as a second classifying source."
EV-024,"Issue #270's Application-ownership paragraph matches spec.md's blockquote verbatim, and its Non-goals list matches spec.md's restated list item-for-item",GitHub issue #270 (spec-kitty/spec-kitty-design),"issue body, 'Application ownership' and 'Non-goals' sections",yes,"Retrieved via gh issue view 270 --repo spec-kitty/spec-kitty-design, 2026-09-08. Verbatim match confirmed by direct comparison."
EV-025,"Issue #270's Evidence section states the 1024px wrapping figure directly, and the issue header states 'Squad tier: C — pre-merge' verbatim",GitHub issue #270 (spec-kitty/spec-kitty-design),"issue body, 'Evidence' section and header line",yes,"Confirms C-005 and C-009's binding citations to the issue text."
EV-026,"Issue #270's own wording is '44px target requirement', not literally '44x44px' — spec.md's NFR-002/FR-006 interpretation as a 44x44px minimum target size is a standard, not invented, reading",GitHub issue #270 (spec-kitty/spec-kitty-design),issue body,yes,"Not a contradiction; flagged as a minor interpretive note only. Matches the common WCAG 2.5.5/2.5.8 44x44 CSS pixel framing."
EV-027,"Epic #269's dependency plan confirms Wave 1 (#270-#273, independent/parallel), Wave 2 (#274, after #254), Wave 3 (#275, after #270-#274 and #254), matching C-008/FR-016's claim that composition is epic #269's later #275/TKX6 mission",GitHub issue #269 (spec-kitty/spec-kitty-design),"issue body, 'Dependency plan' section",yes,"Retrieved via gh issue view 269 --repo spec-kitty/spec-kitty-design, 2026-09-08."
EV-028,"meta.json confirms this mission's topology is lanes and target_branch is train/elements-first",kitty-specs/work-explorer-segmented-choice-styles-01M20C9F/meta.json,whole file,yes,"Confirms C-007's binding delivery-contract claim (one WP, one PR, targeting train/elements-first, lanes topology)."
EV-029,"packages/tokens/src/tokens.css declares both --sk-surface-pill (lines 42, 391) and --sk-bg-pill (lines 181, 513) with identical values in each theme (#212830 dark, #ECE7D8 light); --sk-surface-pill is used in 6 shipping component CSS files (sk-bar-chart, sk-context-nav, sk-transition-matrix, sk-action-row, sk-time-series-chart, sk-workflow-lane) versus --sk-bg-pill in 2 (sk-nav-pill, sk-pill-tag)",packages/tokens/src/tokens.css,"lines 42, 181, 391, 513 (both tokens, both themes)",yes,"Corrects research.md Q3's prior false claim that --sk-surface-pill 'was not found' in tokens.css; both tokens are live and same-valued. --sk-bg-pill remains the correct choice for this component per the sk-nav-pill.css active-item precedent (EV-001), on a semantic-pairing basis, not because --sk-surface-pill is absent."
EV-030,"C-006's unqualified claim that 'all commits in this mission' use the styles conventional-commit scope is contradicted by this mission's own design-phase bookkeeping commits, which use docs(kitty-specs)/fix(kitty-specs) — a scope absent from commitlint.config.cjs's scope-enum and not covered by its exemption patterns",commitlint.config.cjs; git log,"commitlint.config.cjs lines 82-95 (scope-enum), lines 6-78 (exemption patterns); git log commits 9892785, d6ac1f5, 614e2d0, d9a231d, d78c0d3, b91cc43, 1cc92d0",yes,"C-006's own rationale ('matching the package actually changed') clearly targets later WP-implementation commits, not this mission's own design-phase commits; flagged as a discrepancy in research.md's Discrepancies section, not corrected in spec.md (out of scope for this backfill)."
EV-031,"Neither sk-nav-pill.css nor sk-form-select.css contains a forced-colors block, confirming C-004's claim that both files are cited only for base-state --sk-bg-pill token reuse, not for the forced-colors technique",packages/styles/src/nav-pill/sk-nav-pill.css; packages/styles/src/form-select/sk-form-select.css,"whole files (grep for 'forced-colors', zero matches in either)",yes,"Confirms the negative half of C-004's claim; the forced-colors technique is instead sourced from sk-skip-link.css and sk-data-table.css (EV-002, EV-003)."
EV-032,"stylelint.config.mjs's ignoreValues array has seven system-color keywords while spec.md's C-010 names only six in its own parenthetical, omitting GrayText; GrayText is already used in sk-context-nav.css's forced-colors block for the disabled/unavailable-item cue",stylelint.config.mjs; kitty-specs/work-explorer-segmented-choice-styles-01M20C9F/spec.md; packages/styles/src/context-nav/sk-context-nav.css,"stylelint.config.mjs lines 52-58 (ignoreValues, 7 entries); spec.md C-010 row, Constraints table (6 named keywords, no GrayText); sk-context-nav.css lines 195-199 (.sk-context-nav__unavailable forced-colors block using color: GrayText and border-inline-start-color: GrayText)",yes,"Corrects research.md Q4's prior false claim that stylelint's ignoreValues 'exactly' matches C-010/NFR-004's keyword set. GrayText is present in stylelint's allowlist (so no config change is needed to use it) but absent from C-010's enumeration — a repo precedent (sk-context-nav.css) exists for using it as a disabled-state forced-colors cue, directly relevant to this mission's FR-004/NFR-004 disabled-item requirement. See SPEC-RESEARCH-FRESH-001."
EV-033,"sk-form-select.css contains zero references to --sk-bg-pill or --sk-surface-pill anywhere in the file, contradicting spec.md's C-004 citation of it as a base-state --sk-bg-pill precedent alongside sk-nav-pill.css",packages/styles/src/form-select/sk-form-select.css,"whole file (grep for 'sk-bg-pill' and 'sk-surface-pill', zero matches, exit code 1)",yes,"Only sk-nav-pill.css demonstrates the --sk-bg-pill active-fill pattern (EV-001); sk-form-select.css's actual base-state tokens are --sk-surface-input, --sk-border-default, --sk-border-focus, --sk-border-width-1/2, --sk-radius-sm, and --sk-color-red. Flagged as a discrepancy in research.md's Discrepancies section (item 3), not corrected in spec.md (out of scope for this backfill). See SPEC-RESEARCH-FRESH-002."
