storyId	outcome	wcag21AaViolations
elements-skactionrow--default	passed	0
elements-skactionrow--native-list	passed	0
elements-skactionrow--selected	passed	0
elements-skactionrow--non-selectable	passed	0
elements-skactionrow--with-controls	passed	0
elements-skactionrow--route	passed	0
elements-skactionrow--route-flush	passed	0
elements-skactionrow--button-flush	passed	0
elements-skactionrow--selected-flush	passed	0
elements-skactionrow--route-selected	passed	0
elements-skactionrow--unknown-presentation	passed	0
elements-skactionrow--forced-colors	passed	0
elements-skactionrow--long-content	passed	0
elements-skactionrow--selectable-states	passed	0
elements-skactionrow--card-states	passed	0
elements-skactionrow--card-long-content	passed	0
elements-skactionrow--t-10-compact-item	passed	0
elements-skactionrow--t-10-compact-item-light-mode	passed	0
elements-skactionrow--light-mode	passed	0
elements-skactionrow--route-flush-light-mode	passed	0
elements-skappshell--default	passed	0
elements-skappshell--desktop-composition	passed	0
elements-skappshell--narrow	passed	0
elements-skappshell--compact-closed	passed	0
elements-skappshell--compact-open	passed	0
elements-skappshell--compact-390	passed	0
elements-skappshell--compact-768	passed	0
elements-skappshell--compact-860	passed	0
elements-skappshell--compact-861	passed	0
elements-skappshell--compact-long-labels	passed	0
elements-skappshell--compact-short-viewport	passed	0
elements-skappshell--compact-tall-viewport	passed	0
elements-skappshell--reduced-motion	passed	0
elements-skappshell--forced-colors	passed	0
elements-skappshell--rail-preserving-closed	passed	0
elements-skappshell--rail-preserving-open	passed	0
elements-skappshell--rail-preserving-390	passed	0
elements-skappshell--rail-preserving-768	passed	0
elements-skappshell--rail-preserving-1024	passed	0
elements-skappshell--rail-preserving-1100	passed	0
elements-skappshell--rail-preserving-1101	passed	0
elements-skappshell--rail-preserving-wide	passed	0
elements-skappshell--rail-preserving-long-labels	passed	0
elements-skappshell--rail-preserving-short-viewport	passed	0
elements-skappshell--rail-preserving-tall-viewport	passed	0
elements-skappshell--rail-preserving-reduced-motion	passed	0
elements-skappshell--rail-preserving-forced-colors	passed	0
elements-skappshell--rail-preserving-light-mode	passed	0
elements-skappshell--empty-regions	passed	0
elements-skappshell--light-mode	passed	0
elements-skbarchart--default	passed	0
elements-skbarchart--close-values	passed	0
elements-skbarchart--zero-values	passed	0
elements-skbarchart--empty	passed	0
elements-skbarchart--long-labels	passed	0
elements-skbarchart--controlled-selection	passed	0
elements-skbarchart--selectable-states	passed	0
elements-skbarchart--light-mode	passed	0
elements-skblogcard--default	passed	0
elements-skblogcard--without-image	passed	0
elements-skblogcard--without-eyebrow	passed	0
elements-skblogcard--long-title	passed	0
elements-skblogcard--light-mode	passed	0
elements-skbutton--primary	passed	0
elements-skbutton--secondary	passed	0
elements-skbutton--ghost	passed	0
elements-skbutton--danger-secondary	passed	0
elements-skbutton--small	passed	0
elements-skbutton--as-link	passed	0
elements-skbutton--disabled	passed	0
elements-skbutton--icon	passed	0
elements-skbutton--icon-link	passed	0
elements-skbutton--icon-focus	passed	0
elements-skbutton--busy	passed	0
elements-skbutton--busy-small	passed	0
elements-skbutton--busy-icon	passed	0
elements-skbutton--busy-disabled	passed	0
elements-skbutton--busy-aria-disabled	passed	0
elements-skbutton--danger-secondary-icon	passed	0
elements-skbutton--danger-secondary-focus	passed	0
elements-skbutton--danger-secondary-disabled	passed	0
elements-skbutton--danger-secondary-busy	passed	0
elements-skbutton--all-variants	passed	0
elements-skbutton--light-mode	passed	0
elements-skbutton--forced-colors	passed	0
elements-skcard--default	passed	0
elements-skcard--blue	passed	0
elements-skcard--purple	passed	0
elements-skcard--inset	passed	0
elements-skcard--status-neutral	passed	0
elements-skcard--status-info	passed	0
elements-skcard--status-success	passed	0
elements-skcard--status-attention	passed	0
elements-skcard--status-danger	passed	0
elements-skcard--status-recovery	passed	0
elements-skcard--all-statuses	passed	0
elements-skcard--status-with-variant	passed	0
elements-skcard--status-card-composition	passed	0
elements-skcard--unknown-status	passed	0
elements-skcard--greyscale	passed	0
elements-skcard--forced-colors	passed	0
elements-skcard--light-mode	passed	0
elements-skcheckbullet--default	passed	0
elements-skcheckbullet--single	passed	0
elements-skcheckbullet--complete	passed	0
elements-skcheckbullet--pending	passed	0
elements-skcheckbullet--mixed	passed	0
elements-skcheckbullet--long-items	passed	0
elements-skcheckbullet--no-subtasks	passed	0
elements-skcheckbullet--fifty-items	passed	0
elements-skcheckbullet--custom-icon	passed	0
elements-skcheckbullet--light-mode	passed	0
elements-skconfirmdialog--closed	passed	0
elements-skconfirmdialog--open-short-body	passed	0
elements-skconfirmdialog--open-long-scrolling-body	passed	0
elements-skconfirmdialog--different-length-labels	passed	0
elements-skconfirmdialog--wrapping-title	passed	0
elements-skconfirmdialog--default	passed	0
elements-skconfirmdialog--light-mode	passed	0
elements-skconfirmdialog--reduced-motion	passed	0
elements-skconfirmdialog--forced-colors	passed	0
elements-skconfirmdialog--rtl	passed	0
elements-skconfirmdialog--narrow-width	passed	0
elements-skcontextsidebar--default	passed	0
elements-skcontextsidebar--long-labels	passed	0
elements-skcontextsidebar--empty	passed	0
elements-skcontextsidebar--light-mode	passed	0
elements-skcopyfield--default	passed	0
elements-skcopyfield--hover	passed	0
elements-skcopyfield--focused	passed	0
elements-skcopyfield--active	passed	0
elements-skcopyfield--disabled-empty	passed	0
elements-skcopyfield--long-wrapping-command	passed	0
elements-skcopyfield--quotes-and-unicode	passed	0
elements-skcopyfield--copied-success	passed	0
elements-skcopyfield--manual-fallback	passed	0
elements-skcopyfield--failure	passed	0
elements-skcopyfield--repeated-and-multiple	passed	0
elements-skcopyfield--narrow	passed	0
elements-skcopyfield--forced-colors	passed	0
elements-skcopyfield--default-dark	passed	0
elements-skcopyfield--light-mode	passed	0
elements-skentitymarker--initials	passed	0
elements-skentitymarker--meaningful-icon	passed	0
elements-skentitymarker--decorative	passed	0
elements-skentitymarker--axis-matrix	passed	0
elements-skentitymarker--image-naming	passed	0
elements-skentitymarker--large-size	passed	0
elements-skentitymarker--image-naming-large-size	passed	0
elements-skentitymarker--bordered-axis-matrix	passed	0
elements-skentitymarker--bordered-outer-box-comparison	passed	0
elements-skentitymarker--bordered-forced-colors	passed	0
elements-skentitymarker--long-label	passed	0
elements-skentitymarker--compact-circle-light-mode	passed	0
elements-skentitymarker--light-mode	passed	0
elements-skevidencechain--default	passed	0
elements-skevidencechain--approved-example	passed	0
elements-skevidencechain--two-stages	passed	0
elements-skevidencechain--six-stages	passed	0
elements-skevidencechain--narrow	passed	0
elements-skevidencechain--long-content	passed	0
elements-skevidencechain--empty	passed	0
elements-skevidencechain--invalid-input	passed	0
elements-skevidencechain--light-mode	passed	0
elements-skfeaturecard--default	passed	0
elements-skfeaturecard--yellow	passed	0
elements-skfeaturecard--green	passed	0
elements-skfeaturecard--purple	passed	0
elements-skfeaturecard--bordered-variants	passed	0
elements-skfeaturecard--mixed-axes	passed	0
elements-skfeaturecard--light-mode	passed	0
elements-skforminput--default	passed	0
elements-skforminput--filled	passed	0
elements-skforminput--error	passed	0
elements-skforminput--disabled	passed	0
elements-skforminput--light-mode	passed	0
elements-skforminput--light-mode-error	passed	0
elements-skforminput--constraints	passed	0
elements-skforminput--read-only	passed	0
elements-skforminput--datalist	passed	0
elements-skformtextarea--default	passed	0
elements-skformtextarea--filled	passed	0
elements-skformtextarea--error	passed	0
elements-skformtextarea--disabled	passed	0
elements-skformtextarea--light-mode	passed	0
elements-skformtextarea--light-mode-error	passed	0
elements-skgrid--default	passed	0
elements-skgrid--two-column	passed	0
elements-skgrid--three-column	passed	0
elements-skgrid--four-column	passed	0
elements-skgrid--wide-gap	passed	0
elements-skgrid--responsive	passed	0
elements-skgrid--light-mode	passed	0
elements-skmetric--default	passed	0
elements-skmetric--with-annotation	passed	0
elements-skmetric--tones	passed	0
elements-skmetric--compact	passed	0
elements-skmetric--long-content	passed	0
elements-skmetric--light-mode	passed	0
elements-sknavpill--default	passed	0
elements-sknavpill--open	passed	0
elements-sknotice--default	passed	0
elements-sknotice--neutral	passed	0
elements-sknotice--info	passed	0
elements-sknotice--success	passed	0
elements-sknotice--attention	passed	0
elements-sknotice--danger	passed	0
elements-sknotice--recovery	passed	0
elements-sknotice--all-tones	passed	0
elements-sknotice--announce-off	passed	0
elements-sknotice--announce-polite	passed	0
elements-sknotice--announce-assertive	passed	0
elements-sknotice--message-change	passed	0
elements-sknotice--dismissible	passed	0
elements-sknotice--long-message	passed	0
elements-sknotice--multi-paragraph-body	passed	0
elements-sknotice--trailing-actions	passed	0
elements-sknotice--with-status-indicator	passed	0
elements-sknotice--greyscale	passed	0
elements-sknotice--forced-colors	passed	0
elements-sknotice--light-mode	passed	0
elements-skpageheader--default	passed	0
elements-skpageheader--long-title	passed	0
elements-skpageheader--without-metadata	passed	0
elements-skpageheader--light-mode	passed	0
elements-skpageheader--compact	passed	0
elements-skpageheader--density-comparison	passed	0
elements-skpageheader--compact-sticky	passed	0
elements-skpageheader--default-sticky	passed	0
elements-skpageheader--narrow-reflow	passed	0
elements-skpageheader--short-viewport	passed	0
elements-skpageheader--compact-truncation	passed	0
elements-skpageheader--compact-sticky-light-mode	passed	0
patterns-account-front-door--landing	passed	0
patterns-account-front-door--entry-boundary	passed	0
patterns-account-front-door--submitted-validation	passed	0
patterns-account-front-door--recovery-sent	passed	0
patterns-account-front-door--terminal-inactive	passed	0
patterns-account-front-door--legal-published	passed	0
patterns-account-front-door--legal-unavailable	passed	0
patterns-account-front-door--email-management	passed	0
patterns-account-front-door--password-change	passed	0
patterns-account-front-door--password-set	passed	0
patterns-account-front-door--light-mode	passed	0
patterns-account-front-door--legal-light-mode	passed	0
patterns-account-front-door--account-light-mode	passed	0
patterns-account-front-door--forced-colors	passed	0
patterns-account-front-door--reduced-motion	passed	0
patterns-account-front-door--rtl	passed	0
patterns-account-front-door--narrow-390	passed	0
patterns-account-front-door--short-viewport	passed	0
patterns-account-front-door--zoom-200	passed	0
patterns-account-front-door--long-strings	passed	0
patterns-cli-auth--code-entry-default	passed	0
patterns-cli-auth--code-entry-invalid	passed	0
patterns-cli-auth--code-entry-light-mode	passed	0
patterns-cli-auth--authorization-decision	passed	0
patterns-cli-auth--authorization-decision-light-mode	passed	0
patterns-cli-auth--terminal-success	passed	0
patterns-cli-auth--terminal-success-light-mode	passed	0
patterns-cli-auth--terminal-denied	passed	0
patterns-cli-auth--terminal-denied-light-mode	passed	0
patterns-cli-auth--terminal-error-no-action	passed	0
patterns-cli-auth--terminal-error-no-action-light-mode	passed	0
patterns-cli-auth--terminal-error-with-action	passed	0
patterns-cli-auth--terminal-error-with-action-light-mode	passed	0
patterns-connectors--c-1-setup-admin-empty	passed	0
patterns-connectors--c-2-operating-admin	passed	0
patterns-connectors--c-2-operating-member	passed	0
patterns-connectors--c-3-handoff-installation-waiting	passed	0
patterns-connectors--c-3-handoff-reconnect-completing	passed	0
patterns-connectors--c-3-handoff-user-link-failed	passed	0
patterns-connectors--c-4-github-app-failure-resolved-team	passed	0
patterns-connectors--c-4-github-app-failure-no-team-boundary	passed	0
patterns-connectors--c-5-gitlab-group-populated	passed	0
patterns-connectors--c-5-gitlab-group-no-groups	passed	0
patterns-connectors--c-5-gitlab-group-validation	passed	0
patterns-connectors--c-5-gitlab-group-connected-refresh-failed	passed	0
patterns-connectors--c-9-b-slack-channel-populated	passed	0
patterns-connectors--c-9-b-slack-channel-empty	passed	0
patterns-connectors--c-9-b-slack-channel-refused	passed	0
patterns-connectors--c-9-b-slack-channel-rate-limited	passed	0
patterns-connectors--c-9-b-slack-channel-incomplete	passed	0
patterns-connectors--c-6-installation-admin-active	passed	0
patterns-connectors--c-6-installation-member-active	passed	0
patterns-connectors--c-6-installation-health-degraded	passed	0
patterns-connectors--c-6-installation-health-revoked	passed	0
patterns-connectors--c-6-installation-health-needs-reauth	passed	0
patterns-connectors--c-7-workspace-scope-populated	passed	0
patterns-connectors--c-7-workspace-scope-empty	passed	0
patterns-connectors--c-7-workspace-scope-unavailable	passed	0
patterns-connectors--c-7-workspace-scope-stale-after-refresh-failure	passed	0
patterns-connectors--c-7-workspace-scope-member-boundary	passed	0
patterns-connectors--c-8-project-routing-populated	passed	0
patterns-connectors--c-8-project-routing-empty	passed	0
patterns-connectors--c-8-project-routing-validation	passed	0
patterns-connectors--c-8-project-routing-jira-rescue	passed	0
patterns-connectors--c-8-project-routing-purge-confirm	passed	0
patterns-connectors--c-9-a-team-accounts-admin-active	passed	0
patterns-connectors--c-9-a-team-accounts-admin-unhealthy	passed	0
patterns-connectors--c-9-a-team-accounts-member-unlinked	passed	0
patterns-connectors--c-9-a-team-accounts-member-empty	passed	0
patterns-connectors--light-mode	passed	0
patterns-mission-kanban-ten-lane--default	passed	0
patterns-mission-kanban-ten-lane--k-2-narrow-contained	passed	0
patterns-mission-kanban-ten-lane--k-3-filtered-lanes	passed	0
patterns-mission-kanban-ten-lane--k-4-snapshot-behind-log	passed	0
patterns-mission-kanban-ten-lane--k-5-unverified-overlay	passed	0
patterns-mission-kanban-ten-lane--k-6-empty-lanes	passed	0
patterns-mission-kanban-ten-lane--light-mode	passed	0
patterns-mission-kanban-ten-lane--long-content	passed	0
patterns-mission-kanban-ten-lane--forced-colors	passed	0
patterns-mission-kanban-ten-lane--reduced-motion	passed	0
patterns-mission-kanban-ten-lane--rtl	passed	0
patterns-mission-kanban--default	passed	0
patterns-mission-kanban--k-2-narrow-contained	passed	0
patterns-mission-kanban--k-3-detailed-lane-filters	passed	0
patterns-mission-kanban--k-4-snapshot-behind-log	passed	0
patterns-mission-kanban--k-5-observed-not-yet-pushed	passed	0
patterns-mission-kanban--k-6-stable-empty-board	passed	0
patterns-mission-kanban--light-mode	passed	0
patterns-mission-kanban--long-content	passed	0
patterns-mission-kanban--forced-colors	passed	0
patterns-mission-kanban--reduced-motion	passed	0
patterns-mission-reading--default	passed	0
patterns-mission-reading--m-2-responsive-390	passed	0
patterns-mission-reading--m-2-controlled-drawer-open	passed	0
patterns-mission-reading--m-3-fragment-loading	passed	0
patterns-mission-reading--m-4-canonical-page-unavailable	passed	0
patterns-mission-reading--m-5-snapshot-behind-log	passed	0
patterns-mission-reading--m-6-a-other-artifacts-present	passed	0
patterns-mission-reading--m-6-b-other-artifacts-absent	passed	0
patterns-mission-reading--m-7-a-ops-present	passed	0
patterns-mission-reading--m-7-b-ops-absent	passed	0
patterns-mission-reading--m-8-truth-regions	passed	0
patterns-mission-reading--light-mode	passed	0
patterns-mission-reading--long-content	passed	0
patterns-mission-reading--rtl	passed	0
patterns-operational-status--default	passed	0
patterns-operational-status--light-mode	passed	0
patterns-operational-status--system-light	passed	0
patterns-operational-status--system-dark	passed	0
patterns-operational-status--manual-light	passed	0
patterns-operational-status--manual-dark	passed	0
patterns-operational-status--greyscale	passed	0
patterns-operational-status--forced-colors	passed	0
patterns-operational-status--narrow	passed	0
patterns-operational-status--zoom-200	passed	0
patterns-operational-status--without-banner	passed	0
patterns-operational-status--complete-series	passed	0
patterns-repository-dossier--default	passed	0
patterns-repository-dossier--d-2-narrow-closed	passed	0
patterns-repository-dossier--d-2-narrow-open	passed	0
patterns-repository-dossier--d-4-cross-branch	passed	0
patterns-repository-dossier--d-5-not-spec-kitty	passed	0
patterns-repository-dossier--d-6-snapshot-behind-log	passed	0
patterns-repository-dossier--d-7-indexing	passed	0
patterns-repository-dossier--d-8-no-missions	passed	0
patterns-repository-dossier--light-mode	passed	0
patterns-repository-dossier--long-data	passed	0
patterns-repository-dossier--progress-thresholds	passed	0
patterns-repository-dossier--layout-threshold-860	passed	0
patterns-repository-dossier--layout-threshold-861	passed	0
patterns-repository-dossier--tracker-destinations	passed	0
patterns-repository-dossier--forced-colors	passed	0
patterns-repository-dossier--reduced-motion	passed	0
patterns-repository-dossier--zoom-200	passed	0
patterns-repository-dossier--zoom-400	passed	0
patterns-team-overview--default	passed	0
patterns-team-overview--light-mode	passed	0
patterns-team-overview--narrow	passed	0
patterns-team-overview--scale-50-w-ps	passed	0
patterns-team-overview--controlled-interactions	passed	0
patterns-team-overview--empty-partial-data	passed	0
patterns-work-explorer--w-1-by-lane-desktop-dark	passed	0
patterns-work-explorer--w-2-by-person-desktop-dark	passed	0
patterns-work-explorer--w-3-by-type-desktop-dark	passed	0
patterns-work-explorer--w-4-by-lane-1024-dark	passed	0
patterns-work-explorer--w-5-by-lane-light-mode	passed	0
patterns-work-explorer--w-6-filtered-empty-dark	passed	0
patterns-work-explorer--w-7-no-active-work-dark	passed	0
patterns-work-explorer--w-8-degraded-context-dark	passed	0
patterns-work-explorer--w-9-loading-dark	passed	0
patterns-work-explorer--w-10-no-admitted-repositories-dark	passed	0
patterns-work-package-views--default	passed	0
patterns-work-package-views--light-mode	passed	0
patterns-work-package-views--all-lanes-empty	passed	0
patterns-work-package-views--scale-50-work-packages	passed	0
patterns-work-package-views--live-claim	passed	0
patterns-work-package-views--stale-claim	passed	0
patterns-work-package-views--snapshot-behind-log	passed	0
patterns-work-package-views--narrow-overview	passed	0
patterns-work-package-views--detail-populated	passed	0
patterns-work-package-views--detail-light-mode	passed	0
patterns-work-package-views--detail-no-subtasks	passed	0
patterns-work-package-views--detail-absent-prompt	passed	0
patterns-work-package-views--detail-history-unavailable	passed	0
patterns-work-package-views--detail-long-content	passed	0
patterns-work-package-views--detail-narrow	passed	0
elements-skpersonalrail--default	passed	0
elements-skpersonalrail--long-labels	passed	0
elements-skpersonalrail--empty-groups	passed	0
elements-skpersonalrail--light-mode	passed	0
elements-skpilltag--default	passed	0
elements-skpilltag--green	passed	0
elements-skpilltag--purple	passed	0
elements-skpilltag--breaking	passed	0
elements-skpilltag--yellow	passed	0
elements-skpilltag--eyebrow	passed	0
elements-skpilltag--tinted-eyebrow	passed	0
elements-skpilltag--all-variants	passed	0
elements-skpilltag--status-neutral	passed	0
elements-skpilltag--status-info	passed	0
elements-skpilltag--status-success	passed	0
elements-skpilltag--status-attention	passed	0
elements-skpilltag--status-danger	passed	0
elements-skpilltag--status-recovery	passed	0
elements-skpilltag--all-statuses	passed	0
elements-skpilltag--brand-with-status	passed	0
elements-skpilltag--eyebrow-with-status	passed	0
elements-skpilltag--long-label	passed	0
elements-skpilltag--rtl	passed	0
elements-skpilltag--zoom-200	passed	0
elements-skpilltag--unknown-status	passed	0
elements-skpilltag--forced-colors	passed	0
elements-skpilltag--light-mode	passed	0
elements-skribboncard--default	passed	0
elements-skribboncard--with-ribbon	passed	0
elements-skribboncard--ribbon-colours	passed	0
elements-skribboncard--bordered-variants	passed	0
elements-skribboncard--light-mode	passed	0
elements-sksectionbanner--default	passed	0
elements-sksectionbanner--neutral	passed	0
elements-sksectionbanner--purple	passed	0
elements-sksectionbanner--green	passed	0
elements-sksectionbanner--all-variants	passed	0
elements-sksectionbanner--light-mode	passed	0
elements-sksectionheader--default	passed	0
elements-sksectionheader--with-metadata-and-action	passed	0
elements-sksectionheader--long-content	passed	0
elements-sksectionheader--light-mode	passed	0
elements-sksitefooter--default	passed	0
elements-sksitefooter--without-legal	passed	0
elements-sksitefooter--light-mode	passed	0
elements-sksitefooter--compact	passed	0
elements-sksitefooter--compact-no-links	passed	0
elements-sksitefooter--compact-several-links	passed	0
elements-sksitefooter--compact-short-label	passed	0
elements-sksitefooter--compact-without-legal	passed	0
elements-sksitefooter--compact-long-content	passed	0
elements-sksitefooter--compact-rtl	passed	0
elements-sksitefooter--compact-light-mode	passed	0
elements-skstatusindicator--default	passed	0
elements-skstatusindicator--all-tones	passed	0
elements-skstatusindicator--long-text	passed	0
elements-skstatusindicator--pulsing-states	passed	0
elements-skstatusindicator--multiple-pulsing-all-tones	passed	0
elements-skstatusindicator--pulsing-preferences	passed	0
elements-skstatusindicator--pulsing-light-mode	passed	0
elements-skstatusindicator--light-mode	passed	0
elements-skstub--default	passed	0
elements-skstub--light-mode	passed	0
elements-skthemetoggle--default	passed	0
elements-skthemetoggle--system	passed	0
elements-skthemetoggle--manual-light	passed	0
elements-skthemetoggle--greyscale	passed	0
elements-skthemetoggle--forced-colors	passed	0
elements-skthemetoggle--narrow	passed	0
elements-skthemetoggle--light-mode	passed	0
elements-sktimeserieschart--default	passed	0
elements-sktimeserieschart--interior-gap	passed	0
elements-sktimeserieschart--annotated-gap	passed	0
elements-sktimeserieschart--leading-and-trailing-gaps	passed	0
elements-sktimeserieschart--entirely-unobserved	passed	0
elements-sktimeserieschart--mixed-resolution	passed	0
elements-sktimeserieschart--unequal-spacing	passed	0
elements-sktimeserieschart--dense-series	passed	0
elements-sktimeserieschart--multiple-series	passed	0
elements-sktimeserieschart--single-point	passed	0
elements-sktimeserieschart--empty	passed	0
elements-sktimeserieschart--controlled-selection	passed	0
elements-sktimeserieschart--narrow-viewport	passed	0
elements-sktimeserieschart--light-mode	passed	0
elements-sktransitionmatrix--default	passed	0
elements-sktransitionmatrix--approved-example	passed	0
elements-sktransitionmatrix--fifty-active-w-ps	passed	0
elements-sktransitionmatrix--sparse-data	passed	0
elements-sktransitionmatrix--equal-totals-different-distribution	passed	0
elements-sktransitionmatrix--empty	passed	0
elements-sktransitionmatrix--controlled-selection	passed	0
elements-sktransitionmatrix--selectable-states	passed	0
elements-sktransitionmatrix--light-mode	passed	0
primitives-skactionrow-html--default	passed	0
primitives-skactionrow-html--collection	passed	0
primitives-skactionrow-html--static-trigger	passed	0
primitives-skactionrow-html--route	passed	0
primitives-skactionrow-html--current	passed	0
primitives-skactionrow-html--route-current	passed	0
primitives-skactionrow-html--flush	passed	0
primitives-skactionrow-html--card	passed	0
primitives-skactionrow-html--without-mark	passed	0
primitives-skactionrow-html--sparse	passed	0
primitives-skactionrow-html--several-controls	passed	0
primitives-skactionrow-html--without-controls	passed	0
primitives-skactionrow-html--route-with-controls	passed	0
primitives-skactionrow-html--long-content-narrow	passed	0
primitives-skactionrow-html--long-content-desktop	passed	0
primitives-skactionrow-html--rtl	passed	0
primitives-skactionrow-html--zoom-200	passed	0
primitives-skactionrow-html--forced-colors	passed	0
primitives-skactionrow-html--reduced-motion	passed	0
primitives-skactionrow-html--light-mode	passed	0
components-skblogcard--default	passed	0
components-skblogcard--without-image	passed	0
components-skblogcard--without-eyebrow	passed	0
components-skblogcard--title-only	passed	0
components-skblogcard--long-title	passed	0
components-skblogcard--light-mode	passed	0
components-skboundarypage-html--form-card	passed	0
components-skboundarypage-html--terminal-card	passed	0
components-skboundarypage-html--without-mark	passed	0
components-skboundarypage-html--without-footnote	passed	0
components-skboundarypage-html--with-footnote	passed	0
components-skboundarypage-html--several-actions	passed	0
components-skboundarypage-html--no-action	passed	0
components-skboundarypage-html--long-identifier	passed	0
components-skboundarypage-html--long-email	passed	0
components-skboundarypage-html--forced-colors	passed	0
components-skboundarypage-html--light-mode	passed	0
primitives-skbreadcrumbs-html--default	passed	0
primitives-skbreadcrumbs-html--one-level	passed	0
primitives-skbreadcrumbs-html--three-level	passed	0
primitives-skbreadcrumbs-html--six-level	passed	0
primitives-skbreadcrumbs-html--long-labels	passed	0
primitives-skbreadcrumbs-html--narrow	passed	0
primitives-skbreadcrumbs-html--forced-colors	passed	0
primitives-skbreadcrumbs-html--light-mode	passed	0
components-button-html--default	passed	0
components-button-html--secondary	passed	0
components-button-html--ghost	passed	0
components-button-html--danger-secondary	passed	0
components-button-html--small	passed	0
components-button-html--link	passed	0
components-button-html--busy	passed	0
components-button-html--disabled	passed	0
components-button-html--all-variants	passed	0
components-button-html--light-mode	passed	0
components-card--default	passed	0
components-card--blue	passed	0
components-card--purple	passed	0
components-card--inset	passed	0
components-card--blog-card-example	passed	0
components-card--statuses	passed	0
components-card--statuses-greyscale	passed	0
components-card--light-mode	passed	0
primitives-skcheckbullet-html--default	passed	0
primitives-skcheckbullet-html--list-of-three	passed	0
primitives-skcheckbullet-html--complete	passed	0
primitives-skcheckbullet-html--pending	passed	0
primitives-skcheckbullet-html--mixed	passed	0
primitives-skcheckbullet-html--light-mode	passed	0
form-skcheckboxchoicegroup-html--default	passed	0
form-skcheckboxchoicegroup-html--k-3-detailed-lane-filters	passed	0
form-skcheckboxchoicegroup-html--none-selected	passed	0
form-skcheckboxchoicegroup-html--several-selected	passed	0
form-skcheckboxchoicegroup-html--zero-counts	passed	0
form-skcheckboxchoicegroup-html--disabled-choices	passed	0
form-skcheckboxchoicegroup-html--long-content	passed	0
form-skcheckboxchoicegroup-html--narrow	passed	0
form-skcheckboxchoicegroup-html--focus-states	passed	0
form-skcheckboxchoicegroup-html--forced-colors	passed	0
form-skcheckboxchoicegroup-html--default-dark	passed	0
form-skcheckboxchoicegroup-html--light-mode	passed	0
primitives-skcollection-html--default	passed	0
primitives-skcollection-html--closed	passed	0
primitives-skcollection-html--one-item	passed	0
primitives-skcollection-html--fifty-items	passed	0
primitives-skcollection-html--empty	passed	0
primitives-skcollection-html--no-count	passed	0
primitives-skcollection-html--no-footer	passed	0
primitives-skcollection-html--long-text	passed	0
primitives-skcollection-html--narrow	passed	0
primitives-skcollection-html--forced-colors	passed	0
primitives-skcollection-html--blocked	passed	0
primitives-skcollection-html--blocked-light-mode	passed	0
primitives-skcollection-html--blocked-forced-colors	passed	0
primitives-skcollection-html--light-mode	passed	0
navigation-skcontextnav-html--default	passed	0
navigation-skcontextnav-html--current-top-level	passed	0
navigation-skcontextnav-html--current-nested	passed	0
navigation-skcontextnav-html--current-parent	passed	0
navigation-skcontextnav-html--no-current	passed	0
navigation-skcontextnav-html--empty	passed	0
navigation-skcontextnav-html--empty-overflow	passed	0
navigation-skcontextnav-html--long-labels	passed	0
navigation-skcontextnav-html--one-child	passed	0
navigation-skcontextnav-html--three-children	passed	0
navigation-skcontextnav-html--twenty-children	passed	0
navigation-skcontextnav-html--narrow	passed	0
navigation-skcontextnav-html--forced-colors	passed	0
navigation-skcontextnav-html--rtl	passed	0
navigation-skcontextnav-html--light-mode	passed	0
navigation-skcontextnav-html--unavailable-mixed	passed	0
navigation-skcontextnav-html--unavailable-annotation-free	passed	0
navigation-skcontextnav-html--unavailable-all	passed	0
navigation-skcontextnav-html--unavailable-parent	passed	0
navigation-skcontextnav-html--unavailable-long	passed	0
navigation-skcontextnav-html--unavailable-forced-colors	passed	0
navigation-skcontextnav-html--unavailable-rtl	passed	0
navigation-skcontextnav-html--unavailable-light-mode	passed	0
primitives-skdatatable-html--default	passed	0
primitives-skdatatable-html--sticky-header	passed	0
primitives-skdatatable-html--narrow-scrollable	passed	0
primitives-skdatatable-html--light-mode	passed	0
primitives-skdisclosure-html--closed	passed	0
primitives-skdisclosure-html--open	passed	0
primitives-skdisclosure-html--long-body	passed	0
primitives-skdisclosure-html--nested	passed	0
primitives-skdisclosure-html--light-mode	passed	0
primitives-skemptystate-html--with-action	passed	0
primitives-skemptystate-html--without-action	passed	0
primitives-skemptystate-html--inline	passed	0
primitives-skemptystate-html--inline-long-narrow	passed	0
primitives-skemptystate-html--inline-preferences	passed	0
primitives-skemptystate-html--inline-light-mode	passed	0
primitives-skemptystate-html--light-mode	passed	0
primitives-skeventtimeline-html--default	passed	0
primitives-skeventtimeline-html--one-event	passed	0
primitives-skeventtimeline-html--two-events	passed	0
primitives-skeventtimeline-html--twenty-events	passed	0
primitives-skeventtimeline-html--long-transition	passed	0
primitives-skeventtimeline-html--verified-marker	passed	0
primitives-skeventtimeline-html--unavailable-retention	passed	0
primitives-skeventtimeline-html--narrow	passed	0
primitives-skeventtimeline-html--forced-colors	passed	0
primitives-skeventtimeline-html--light-mode	passed	0
primitives-skeventtimeline-html--compact-one-event	passed	0
primitives-skeventtimeline-html--compact-default	passed	0
primitives-skeventtimeline-html--compact-twenty-events	passed	0
primitives-skeventtimeline-html--compact-leading-marker	passed	0
primitives-skeventtimeline-html--compact-long-content	passed	0
primitives-skeventtimeline-html--compact-linked	passed	0
primitives-skeventtimeline-html--compact-narrow	passed	0
primitives-skeventtimeline-html--compact-degraded	passed	0
primitives-skeventtimeline-html--compact-forced-colors	passed	0
primitives-skeventtimeline-html--compact-light-mode	passed	0
primitives-skfacts-html--default	passed	0
primitives-skfacts-html--two-column	passed	0
primitives-skfacts-html--compact	passed	0
primitives-skfacts-html--long-value	passed	0
primitives-skfacts-html--empty-value	passed	0
primitives-skfacts-html--light-mode	passed	0
components-skfeaturecard-html--default	passed	0
components-skfeaturecard-html--green-icon	passed	0
components-skfeaturecard-html--purple-icon	passed	0
components-skfeaturecard-html--colorized-borders	passed	0
components-skfeaturecard-html--grid	passed	0
components-skfeaturecard-html--light-mode	passed	0
form-formfield-html--form-input-default	passed	0
form-formfield-html--form-input-focus	passed	0
form-formfield-html--form-input-error	passed	0
form-formfield-html--form-input-disabled	passed	0
form-formfield-html--form-input-filled	passed	0
form-formfield-html--form-textarea-default	passed	0
form-formfield-html--form-textarea-error	passed	0
form-formfield-html--light-mode	passed	0
form-formfield-html--light-mode-error	passed	0
form-skformselect-html--default	passed	0
form-skformselect-html--t-12-two-filters	passed	0
form-skformselect-html--compact	passed	0
form-skformselect-html--long-options	passed	0
form-skformselect-html--optgroups	passed	0
form-skformselect-html--required-invalid	passed	0
form-skformselect-html--disabled	passed	0
form-skformselect-html--narrow	passed	0
form-skformselect-html--forced-colors	passed	0
form-skformselect-html--light-mode	passed	0
form-skformselect-html--light-mode-invalid	passed	0
components-skgrid--default	passed	0
components-skgrid--two-column	passed	0
components-skgrid--three-column	passed	0
components-skgrid--four-column	passed	0
components-skgrid--responsive	passed	0
components-skgrid--light-mode	passed	0
navigation-sknavpill-html--default	passed	0
navigation-sknavpill-html--active-item	passed	0
navigation-sknavpill-html--mobile	passed	0
navigation-sknavpill-html--collapsed-static	passed	0
navigation-sknavpill-html--light-mode	passed	0
primitives-skpilltag-html--default	passed	0
primitives-skpilltag-html--green	passed	0
primitives-skpilltag-html--purple	passed	0
primitives-skpilltag-html--breaking	passed	0
primitives-skpilltag-html--yellow	passed	0
primitives-skpilltag-html--all-variants	passed	0
primitives-skpilltag-html--eyebrow	passed	0
primitives-skpilltag-html--statuses	passed	0
primitives-skpilltag-html--light-mode	passed	0
primitives-skprogress-html--default	passed	0
primitives-skprogress-html--zero	passed	0
primitives-skprogress-html--complete	passed	0
primitives-skprogress-html--large-total	passed	0
primitives-skprogress-html--long-label	passed	0
primitives-skprogress-html--compact	passed	0
primitives-skprogress-html--narrow	passed	0
primitives-skprogress-html--forced-colors	passed	0
primitives-skprogress-html--indeterminate	passed	0
primitives-skprogress-html--indeterminate-with-meta	passed	0
primitives-skprogress-html--indeterminate-narrow	passed	0
primitives-skprogress-html--indeterminate-long-label	passed	0
primitives-skprogress-html--indeterminate-compact	passed	0
primitives-skprogress-html--indeterminate-forced-colors	passed	0
primitives-skprogress-html--light-mode	passed	0
primitives-skprose-html--default	passed	0
primitives-skprose-html--prompt	passed	0
primitives-skprose-html--long-code	passed	0
primitives-skprose-html--wide-table	passed	0
primitives-skprose-html--absent-prompt	passed	0
primitives-skprose-html--narrow	passed	0
primitives-skprose-html--light-mode	passed	0
navigation-skpublicheader-html--default	passed	0
navigation-skpublicheader-html--brand-only	passed	0
navigation-skpublicheader-html--one-action	passed	0
navigation-skpublicheader-html--many-actions	passed	0
navigation-skpublicheader-html--long-labels	passed	0
navigation-skpublicheader-html--current-action	passed	0
navigation-skpublicheader-html--mixed-controls	passed	0
navigation-skpublicheader-html--theme-toggle-composition	passed	0
navigation-skpublicheader-html--narrow	passed	0
navigation-skpublicheader-html--short-viewport	passed	0
navigation-skpublicheader-html--rtl	passed	0
navigation-skpublicheader-html--forced-colors	passed	0
navigation-skpublicheader-html--light-mode	passed	0
form-skradiochoicegroup-html--default	passed	0
form-skradiochoicegroup-html--two-choice	passed	0
form-skradiochoicegroup-html--one-option	passed	0
form-skradiochoicegroup-html--none-selected	passed	0
form-skradiochoicegroup-html--required-invalid	passed	0
form-skradiochoicegroup-html--disabled-option	passed	0
form-skradiochoicegroup-html--disabled-group	passed	0
form-skradiochoicegroup-html--long-content	passed	0
form-skradiochoicegroup-html--narrow	passed	0
form-skradiochoicegroup-html--rtl	passed	0
form-skradiochoicegroup-html--focus-states	passed	0
form-skradiochoicegroup-html--forced-colors	passed	0
form-skradiochoicegroup-html--default-dark	passed	0
form-skradiochoicegroup-html--light-mode	passed	0
components-skribboncard-html--default	passed	0
components-skribboncard-html--with-ribbon	passed	0
components-skribboncard-html--border-yellow	passed	0
components-skribboncard-html--border-green	passed	0
components-skribboncard-html--border-purple	passed	0
components-skribboncard-html--all-borders	passed	0
components-skribboncard-html--light-mode	passed	0
primitives-sksectionbanner-html--default	passed	0
primitives-sksectionbanner-html--neutral	passed	0
primitives-sksectionbanner-html--purple	passed	0
primitives-sksectionbanner-html--green	passed	0
primitives-sksectionbanner-html--all-variants	passed	0
primitives-sksectionbanner-html--light-mode	passed	0
navigation-sksectionnav-html--default	passed	0
navigation-sksectionnav-html--current-first	passed	0
navigation-sksectionnav-html--current-last	passed	0
navigation-sksectionnav-html--no-current	passed	0
navigation-sksectionnav-html--one-route	passed	0
navigation-sksectionnav-html--two-route	passed	0
navigation-sksectionnav-html--many-routes	passed	0
navigation-sksectionnav-html--long-labels	passed	0
navigation-sksectionnav-html--narrow	passed	0
navigation-sksectionnav-html--forced-colors	passed	0
navigation-sksectionnav-html--rtl	passed	0
navigation-sksectionnav-html--light-mode	passed	0
components-sksegmentedchoice-html--default	passed	0
components-sksegmentedchoice-html--second-selected	passed	0
components-sksegmentedchoice-html--third-selected	passed	0
components-sksegmentedchoice-html--two-items	passed	0
components-sksegmentedchoice-html--five-items	passed	0
components-sksegmentedchoice-html--long-labels	passed	0
components-sksegmentedchoice-html--no-selection	passed	0
components-sksegmentedchoice-html--all-disabled	passed	0
components-sksegmentedchoice-html--one-disabled	passed	0
components-sksegmentedchoice-html--narrow	passed	0
components-sksegmentedchoice-html--forced-colors	passed	0
components-sksegmentedchoice-html--default-dark	passed	0
components-sksegmentedchoice-html--light-mode	passed	0
components-sitefooter-html--default	passed	0
components-sitefooter-html--light-mode	passed	0
components-sitefooter-html--compact	passed	0
components-sitefooter-html--compact-light-mode	passed	0
primitives-skskiplink-html--unfocused	passed	0
primitives-skskiplink-html--focused	passed	0
primitives-skskiplink-html--light-mode	passed	0
primitives-skstub-html--default	passed	0
primitives-skstub-html--mobile	passed	0
primitives-skstub-html--desktop	passed	0
primitives-skstub-html--light-mode	passed	0
primitives-skworkflowboard-html--default	passed	0
primitives-skworkflowboard-html--populated	passed	0
primitives-skworkflowboard-html--fitting	passed	0
primitives-skworkflowboard-html--all-empty	passed	0
primitives-skworkflowboard-html--one-empty-lane	passed	0
primitives-skworkflowboard-html--fifty-items	passed	0
primitives-skworkflowboard-html--long-labels-and-items	passed	0
primitives-skworkflowboard-html--single-lane-narrow	passed	0
primitives-skworkflowboard-html--forced-colors	passed	0
primitives-skworkflowboard-html--default-dark	passed	0
primitives-skworkflowboard-html--light-mode	passed	0
primitives-skworkflowlane-html--default	passed	0
primitives-skworkflowlane-html--empty	passed	0
primitives-skworkflowlane-html--light-mode	passed	0
