artifactPath	sourcePath	gitMode	gitBlob	sha256	sizeBytes
payload/LICENSE	LICENSE	100644	28a50fa22639e32febe14e4ffc7a732b0ba8c90a	2510b446bc1f0cf9702453075d20cd88631e20e5642658edb7325d9c1eb534f7	1060
payload/packages/elements/src/action-row/sk-action-row.markup.ts	packages/elements/src/action-row/sk-action-row.markup.ts	100644	d3158b724d863c88b5a692c2901f94313ebe7cbd	ee845a216fe278a2261b5f11536aeb406c3de1481ac4fa80d595897e93c23e84	14230
payload/packages/elements/src/action-row/sk-action-row.stories.ts	packages/elements/src/action-row/sk-action-row.stories.ts	100644	5ae031a558ed991ee869025896a016c02648ffd9	c67ba9965a0f050610592cabebb4e4289c8338774ff233b202f6439772faba25	10696
payload/packages/elements/src/action-row/sk-action-row.ts	packages/elements/src/action-row/sk-action-row.ts	100644	45dda154d705fc1c6ab72199eb7f94e7287b3f55	33cb8e3e63778bc08d20f90c5fc762b62e314bee4f10e5a1f179e7ea3e47f627	8201
payload/packages/elements/src/app-shell/sk-app-shell.stories.ts	packages/elements/src/app-shell/sk-app-shell.stories.ts	100644	49ef4913a1854b7629fa22dd545c24979f2e7786	fd7ab875467de41c57f85c94b3a0ce462ccf9e268f557ca912a408d0995b2d43	10113
payload/packages/elements/src/app-shell/sk-app-shell.ts	packages/elements/src/app-shell/sk-app-shell.ts	100644	f8b05a2cb59ea6bf5f2be91bb49f7e4094b7642c	ff04403f99ae88b0faf37804f2374b3841040c4f5033b18ac4f634499bed9c70	14218
payload/packages/elements/src/button/sk-button.markup.ts	packages/elements/src/button/sk-button.markup.ts	100644	60402663b00107ecb785842a818cd26f716ac969	3c5b27a5a52685eba05748b28f13b707ce0d6d510acf7f3f36872e78bce53985	10107
payload/packages/elements/src/button/sk-button.stories.ts	packages/elements/src/button/sk-button.stories.ts	100644	ea4f13fa2a08daacc6825146c9c8a6bce7f2bed9	137d74b3bebbaaee66d3ce3962f4cb3bda4e9f776729a51cfa8a3d8364f93ef8	9809
payload/packages/elements/src/button/sk-button.ts	packages/elements/src/button/sk-button.ts	100644	1eee6df80e13da3571e2093e781f6f0d54ec0399	3cb9235c9fceffc96139157a6d6d614e24df44084d2ae41ac58a56959e66ddbd	6210
payload/packages/elements/src/card/sk-card.markup.ts	packages/elements/src/card/sk-card.markup.ts	100644	fcba60c2f36d89b615b4ead18619b2c38efd7793	316c51a67eb4454229f7102bc24823e4e4f318ae63e517e230884a0626e7a871	10997
payload/packages/elements/src/card/sk-card.stories.ts	packages/elements/src/card/sk-card.stories.ts	100644	9c7c8619f81a91a4b9a83b4d3040f7c279a37573	431c2790b88d130672841ea7a25ac83a471bd36a0801b108ec06fc8013b099ee	12744
payload/packages/elements/src/card/sk-card.ts	packages/elements/src/card/sk-card.ts	100644	71314bfcad7e87e1e8beea1e562c5e747386227f	f5902e24aac4f2b575385dda61556d82e8eed0ff9f7ec91fc1f5ee5d8f00d13b	4795
payload/packages/elements/src/context-sidebar/sk-context-sidebar.stories.ts	packages/elements/src/context-sidebar/sk-context-sidebar.stories.ts	100644	9be1be90dc1db44a8ab69ece0e69a1e07b49462e	f6ebc878879e2d95e4ba5944c2a0dc68e323422d3c13ad13fdd58c273a6f6189	2327
payload/packages/elements/src/context-sidebar/sk-context-sidebar.ts	packages/elements/src/context-sidebar/sk-context-sidebar.ts	100644	1bb7dd8f4b546f0a13f86ab02a665c68845ed891	7a2edc87e9ece26f1113bd7f2910d6cb61718cf6e76f7401269d9d21c0a1afa0	1528
payload/packages/elements/src/metric/sk-metric.stories.ts	packages/elements/src/metric/sk-metric.stories.ts	100644	56da1b465f635d74dd88ae112f2305f8b269740a	67b59142c057f2946ba6b15c14b6159d430c2619b08894298ff861e459a36ee1	1810
payload/packages/elements/src/metric/sk-metric.ts	packages/elements/src/metric/sk-metric.ts	100644	8778aba1456a86de4974e07f9431d3acbcb33491	3425ce36c246744b97ff8316484907667c6c50227ba455ec1c617ab92923580c	3700
payload/packages/elements/src/nav-pill/sk-nav-pill.stories.ts	packages/elements/src/nav-pill/sk-nav-pill.stories.ts	100644	26246f58a2b3883e1b1002eeeb7bb0411ff6b941	4dc60ce7fa14902e0695de275114663714cb964a4c2e5e954c53aaeb3e9ea829	1952
payload/packages/elements/src/nav-pill/sk-nav-pill.ts	packages/elements/src/nav-pill/sk-nav-pill.ts	100644	fb1ca4a3dd628df14585752ed9c7c6fa96fce113	878cd727621582468444ca35b0dad2e5451b74ae3dc4219c5ffa4f885b19a59a	7903
payload/packages/elements/src/notice/sk-notice.stories.ts	packages/elements/src/notice/sk-notice.stories.ts	100644	d720eb1b9e86287da5cfe58d568fce26b2cfc618	7f83d3b280958c06a2caaa3de03ec8edd3398760215873082979a99aa389d03b	17283
payload/packages/elements/src/notice/sk-notice.ts	packages/elements/src/notice/sk-notice.ts	100644	f73a38c6b2db76e92d8db7fa17229f98a05583de	3c6a98cfb760a8deaf5f1280a74811c47b5e9aba571a0deb660f341d857b2fc8	18023
payload/packages/elements/src/page-header/sk-page-header.stories.ts	packages/elements/src/page-header/sk-page-header.stories.ts	100644	d0c366514aee6c914b6107fe43a71afa9c90423e	744bba9eeeb03df223123355ed91221ef6e45fc762b41e9dbb917001231020af	14851
payload/packages/elements/src/page-header/sk-page-header.ts	packages/elements/src/page-header/sk-page-header.ts	100644	f94edd1eff86a6f8f759fa266f086802ae36f82d	5d589bf9e6e96d216d5130a518b3008d54d538071fc97c237186e539e34eba1d	8364
payload/packages/elements/src/personal-rail/sk-personal-rail.stories.ts	packages/elements/src/personal-rail/sk-personal-rail.stories.ts	100644	e9447970c3312c4a48afa1dd0ba12ef129823b00	810e573f6fd5fd2efa6f57ad69699e7dd2ded5b18ac1aba418e10e54c65eaa5b	2469
payload/packages/elements/src/personal-rail/sk-personal-rail.ts	packages/elements/src/personal-rail/sk-personal-rail.ts	100644	4a16191b6f0b670e84ebe9d8cfd36bdde1eb78ec	e238855b97c3fb564790c9dbdef9debbdc74a1c31aaa8d816f189579fd1d0755	2096
payload/packages/elements/src/pill-tag/sk-pill-tag.markup.ts	packages/elements/src/pill-tag/sk-pill-tag.markup.ts	100644	d1842b63139b0b2f02dd32dd6fe03533412c3bc4	d314286650f99c0dca24e1adca646d2fb7bb99f6ad5b758639583d244952804f	8864
payload/packages/elements/src/pill-tag/sk-pill-tag.stories.ts	packages/elements/src/pill-tag/sk-pill-tag.stories.ts	100644	c69fa76841917d7f27adbfd668df2b0bff6ac543	a851044f420515e1e2d0751ee6ecd6f4caf73d86574be29bf4f914d7170d5073	10457
payload/packages/elements/src/pill-tag/sk-pill-tag.ts	packages/elements/src/pill-tag/sk-pill-tag.ts	100644	84e49fef054c96980982606bf345f6940819203a	fbcbed82489c6bdb149fbd13b0f1c0e5b595b6052fb08f3ba7d34e619688be62	2257
payload/packages/elements/src/status-indicator/sk-status-indicator.stories.ts	packages/elements/src/status-indicator/sk-status-indicator.stories.ts	100644	79eb90d90fe7f218f023ae0d08ba6a2678315202	1e94d40f0b04e55a5b222f71c4940a7aec816e0fca0ca8d2ecb00d185f2ad91d	3577
payload/packages/elements/src/status-indicator/sk-status-indicator.ts	packages/elements/src/status-indicator/sk-status-indicator.ts	100644	5a18f165187a39eb37fb9a7f2ecd5b15f7249fa3	a7f9e5877617483e53310b2ada4ebfc2c8f11fdcae02131c2a92392d0c3739b2	3760
payload/packages/styles/src/action-row/sk-action-row-html.stories.ts	packages/styles/src/action-row/sk-action-row-html.stories.ts	100644	da6ca607e2b8aab42bf52e9470e123995420dea8	d84874e0f425595c2d8fe5e54408859730d71fbd9abbaba36f110846b4fe32fc	14070
payload/packages/styles/src/action-row/sk-action-row.css	packages/styles/src/action-row/sk-action-row.css	100644	40fab0dc90b750b28261658a174004bbaf7c2e11	1017b506fc17909d974df09c0a92344ba1a714eb06194af40376bff8c7b84812	12353
payload/packages/styles/src/action-row/static/sk-action-row.static.css	packages/styles/src/action-row/static/sk-action-row.static.css	100644	8581700c893bc3b44285789736270cb3a93d2ddb	0a80216d0dbdea862f697bd4780b8bf7dc162d77e5121111b5080e27893c492d	10231
payload/packages/styles/src/app-shell/sk-app-shell.css	packages/styles/src/app-shell/sk-app-shell.css	100644	665a23abc85a701f93dd774c6e8d4884a54d77d0	0e313ed32677c07d0b7640dcb0dbea6f8b25800af63f4bf88f7fde28fecbe123	8002
payload/packages/styles/src/app-shell/static/sk-app-shell.static.css	packages/styles/src/app-shell/static/sk-app-shell.static.css	100644	13ffd5efda42e98aa4c1a0b75f276477bba3f79b	be29b8cf8f562da085de53faec89086c8af48b613e76a584a52ce7983baa5bc1	7933
payload/packages/styles/src/button/sk-button-html.stories.ts	packages/styles/src/button/sk-button-html.stories.ts	100644	9426a423969e1ad7172ca042b98a6ba53463a10d	635548a3441bb7db2530d33db7627f59398b88de533b9780806ad486f4c9722d	6080
payload/packages/styles/src/button/sk-button.css	packages/styles/src/button/sk-button.css	100644	93e8324f804a60d605d92e20ef723e6c4cb9ae1a	51d180c8af87ea8e4f226a36abf7a005bceef0f6ae2f834e6da1df3530db902b	17418
payload/packages/styles/src/card/sk-card-html.stories.ts	packages/styles/src/card/sk-card-html.stories.ts	100644	3233ccaa948ee86bc4c4305607e88bc1e74d9f32	81cece352884a476a09814b903cd9c0350e7d6917588b4a6e006291834c51add	7508
payload/packages/styles/src/card/sk-card.css	packages/styles/src/card/sk-card.css	100644	b292564bf3a7819de7c4fee2d5b75921071e487f	7c39b077865569f7865473eff448b74780526509c9f28fb2538599fe163590c6	12109
payload/packages/styles/src/context-sidebar/sk-context-sidebar.css	packages/styles/src/context-sidebar/sk-context-sidebar.css	100644	58a00de795d0c2b498ccdedb130151b01a83d085	75da415d3578391b91348d6ab93d784356054b220b3f5d8b8218015827b0b182	3221
payload/packages/styles/src/data-table/sk-data-table-default.html	packages/styles/src/data-table/sk-data-table-default.html	100644	9a765f4fffc942e4781a49f599a02c9b109eaafc	39ab1948df9393d299ad7d5aed1535746a08f01a65d6eeb78d838d279b419dda	1573
payload/packages/styles/src/data-table/sk-data-table-html.stories.ts	packages/styles/src/data-table/sk-data-table-html.stories.ts	100644	5256681339687597d767cac1bebcc938359f0f99	ca7941bfd9ac5f7c015c71c76b8e36161adaa5639f01b48f67d3f55bd18757f2	4443
payload/packages/styles/src/data-table/sk-data-table-narrow-scrollable.html	packages/styles/src/data-table/sk-data-table-narrow-scrollable.html	100644	3bd1ebe88b00bb033603f9e0578abce6c5753412	17b269a3b9c6298edbc4719eb9be7e783a3b3118b6145e3a64d3073715059317	2137
payload/packages/styles/src/data-table/sk-data-table-sticky-header.html	packages/styles/src/data-table/sk-data-table-sticky-header.html	100644	48bba12c4af9aa6f79a1ec9a2bf5754c3b10fa4d	bd6cbd4d21350b739dbc4c0583791e4608d3556880d405036d523b1e8a5809c5	1888
payload/packages/styles/src/data-table/sk-data-table.css	packages/styles/src/data-table/sk-data-table.css	100644	8b5c4ae431f80f4a8d70803fc68d1ffcd9ea56ff	5e600a5407fed2193c2464610c99a5477509bc05be5182d35a814209a45abc44	12959
payload/packages/styles/src/disclosure/sk-disclosure-closed.html	packages/styles/src/disclosure/sk-disclosure-closed.html	100644	e4772a489940d155b6187fc21ced3f8be0ad9d17	396277fe49113165b52c8ea2358a598461dceacb1b914c7180e781b55a316fa3	388
payload/packages/styles/src/disclosure/sk-disclosure-html.stories.ts	packages/styles/src/disclosure/sk-disclosure-html.stories.ts	100644	dc854e0bfecb7b27ab61e0f7febf19f54da87066	d59ccef1bd14ec5b71e58dfbb7baea0292c52caf7120cd73da04329cdfbf1fd3	2170
payload/packages/styles/src/disclosure/sk-disclosure-long-body.html	packages/styles/src/disclosure/sk-disclosure-long-body.html	100644	d4fc97cd6078dd3acc7ddeeb3a649f02724f030c	2c4a54aed2d2e4e109829df72fa8e0fc49d9b46b5df62fc027c78a764b4f13e1	1131
payload/packages/styles/src/disclosure/sk-disclosure-nested.html	packages/styles/src/disclosure/sk-disclosure-nested.html	100644	fc94bc16f69a11edac1daeb3b12befb5b417a75f	43f0d52d1f517875958cd6af539ca16c4a831474ab4c1462cbf419e6a81885ae	789
payload/packages/styles/src/disclosure/sk-disclosure-open.html	packages/styles/src/disclosure/sk-disclosure-open.html	100644	c60f204fb14b4ea1f5e8d53872e4fc64e7295abe	4f6ad49d0c8eb9ef54935d7dec4b7baca66e0ec1ff785dac0d8a2b9a5fbddae1	310
payload/packages/styles/src/disclosure/sk-disclosure.css	packages/styles/src/disclosure/sk-disclosure.css	100644	6b77ce9075270fa3f9cd0e7090b5cfcd9d995605	ba170f07cf63189fcd3cc5ccb767bd471186004ab4febb4076c8bda940f05d33	5015
payload/packages/styles/src/empty-state/sk-empty-state-html.stories.ts	packages/styles/src/empty-state/sk-empty-state-html.stories.ts	100644	439c9042f183d80e1b193240d1c3e522103f91d3	59b96f7a7a8c404a3d075ed8590e145ad4748eb80a0af715de3080edf837097d	1912
payload/packages/styles/src/empty-state/sk-empty-state-inline.html	packages/styles/src/empty-state/sk-empty-state-inline.html	100644	dc2176896d8f3443370ec3d16e354610b8c190cb	719149b02b545c0749f98bd550e24f62fc4eff1bd531c4dc4e7196e46adc5022	229
payload/packages/styles/src/empty-state/sk-empty-state-with-action.html	packages/styles/src/empty-state/sk-empty-state-with-action.html	100644	1342766e66df95c21e52f149864c26234d5ce334	fc2f1439effab56526a440de7e059ab8618cc78631dbfa6824333a035730b93c	507
payload/packages/styles/src/empty-state/sk-empty-state-without-action.html	packages/styles/src/empty-state/sk-empty-state-without-action.html	100644	1c1c5a14540f1a332b3f1c6d694671cf59e1664c	aa0c5326eb48d9fcde0d8dfdd056f77db132a8db9611b861d27546e9533590ed	240
payload/packages/styles/src/empty-state/sk-empty-state.css	packages/styles/src/empty-state/sk-empty-state.css	100644	8858a5a8f0bc00b1865f34297076ae413d971247	4da89fe0b944657533ae3ae7d03f9fdf7c0b02bbafbfac8a84b89f5a778f0726	996
payload/packages/styles/src/event-timeline/sk-event-timeline-compact-default.html	packages/styles/src/event-timeline/sk-event-timeline-compact-default.html	100644	07c849ec08bc4be56fd12f35c448d3331a0a021d	49cadfcfdc33117e12cdb10540931bb2028ee8f8c34871dfd72ea0e3638c99a1	1043
payload/packages/styles/src/event-timeline/sk-event-timeline-compact-degraded.html	packages/styles/src/event-timeline/sk-event-timeline-compact-degraded.html	100644	d08a8f9a05039127f5e487f872194144b9bfc710	66d3025a3ac428b394a05f81b9d9edc15c587d3b772c18caa34abf9d0cb3ccf4	668
payload/packages/styles/src/event-timeline/sk-event-timeline-compact-forced-colors.html	packages/styles/src/event-timeline/sk-event-timeline-compact-forced-colors.html	100644	3fd24a7f909448c7bb8ee8f5f8eaa08efc406d34	41d85a6b51b0ed7b642ddfcd234fa11e31f165d3e8b29ae09e8fdb49189fe275	883
payload/packages/styles/src/event-timeline/sk-event-timeline-compact-leading-marker.html	packages/styles/src/event-timeline/sk-event-timeline-compact-leading-marker.html	100644	49826260be0aeea643fb6ac5bac01633e636d7fb	d915a42abb4250b9a3495b72290462b43196af656759e93550d7995c51d08b1c	1458
payload/packages/styles/src/event-timeline/sk-event-timeline-compact-linked.html	packages/styles/src/event-timeline/sk-event-timeline-compact-linked.html	100644	7621ad9e6337fadf395521fd9372a0656e5919da	4867cc351aa33c134a0e152e1a3f5a2dd80ee0c9f423d59a567edf727a29f78c	706
payload/packages/styles/src/event-timeline/sk-event-timeline-compact-long-content.html	packages/styles/src/event-timeline/sk-event-timeline-compact-long-content.html	100644	f52dbb558b06cc0a896f501e2e97b835743cc648	f83a283d99cf207da5d05d17e7cbf328932b1ac873ecb20c1a298b6b8a104d1b	1092
payload/packages/styles/src/event-timeline/sk-event-timeline-compact-narrow.html	packages/styles/src/event-timeline/sk-event-timeline-compact-narrow.html	100644	05bdd201c3cd9589d09732e2dd7ee0c13c0c5b60	fbe3526594bf7c5949cc9ea5a3cc4fd79514331d4ab29259748fc422b69cd043	771
payload/packages/styles/src/event-timeline/sk-event-timeline-compact-one-event.html	packages/styles/src/event-timeline/sk-event-timeline-compact-one-event.html	100644	c8eafa106e86cd0adaafcf8f6f1a945d94198c8a	1ca9441217e8c2d86f43d405cea8feb47304452a9a8ad48d805e52953157dc92	374
payload/packages/styles/src/event-timeline/sk-event-timeline-compact-twenty-events.html	packages/styles/src/event-timeline/sk-event-timeline-compact-twenty-events.html	100644	5b5ef2280c1b179b9099b6d8156dcbff3b5cd3a4	5b9dc6ed0ca225a6090ea38358d780abe4b361f35e6400f5ea0f11ce87413f42	4934
payload/packages/styles/src/event-timeline/sk-event-timeline-forced-colors.html	packages/styles/src/event-timeline/sk-event-timeline-forced-colors.html	100644	6dfa4f4edcb7403556502090b2e6c3e04d7338c5	ed388db07a1dd63564434f292a2d2f46a4add1903df8578ea40cacbf211fa7a9	572
payload/packages/styles/src/event-timeline/sk-event-timeline-html.stories.ts	packages/styles/src/event-timeline/sk-event-timeline-html.stories.ts	100644	22a3a7cfe4bcc935c1e622b039447e67c7f1249a	f241087b03c62d65f2f05b689f9e4702fd7392be46019b017670ba2c2ac112e8	3363
payload/packages/styles/src/event-timeline/sk-event-timeline-long-transition.html	packages/styles/src/event-timeline/sk-event-timeline-long-transition.html	100644	9fc4e39426e79dce94c0af9c01e96289c0b367fa	b8049bc47b3a6f4b88b1383beaa9bf5816958fc1b0b0ffe8b8cadae9fc8dc453	959
payload/packages/styles/src/event-timeline/sk-event-timeline-narrow.html	packages/styles/src/event-timeline/sk-event-timeline-narrow.html	100644	cc282e6c8f95bdf61e7142b680441fdeee011598	17463dadc53030ba01ed846734f5de8fe3dece022b79482582f52268800255cf	868
payload/packages/styles/src/event-timeline/sk-event-timeline-one-event.html	packages/styles/src/event-timeline/sk-event-timeline-one-event.html	100644	9e47f62d589314d5a7c6f9ed6f15244b99330aaa	57951a154eeecfcd245af8832cf4cc6057a667203494259d537dea3911749e1c	331
payload/packages/styles/src/event-timeline/sk-event-timeline-twenty-events.html	packages/styles/src/event-timeline/sk-event-timeline-twenty-events.html	100644	2ae2292a95c8a1403aa131b9a48d83a3037b0dfe	dd295924b24ec452070fbc58a78daf75b8eb56c7bcc9efacebd7eb0a94b1aeb0	5019
payload/packages/styles/src/event-timeline/sk-event-timeline-two-events.html	packages/styles/src/event-timeline/sk-event-timeline-two-events.html	100644	a6c6ad49a11e68c2a1cc1a2669a82d10e1d8b5f0	955cb8c27de0b0c99e099b603fed2af00318e6b823bdb1c665fb2e2ffb747820	667
payload/packages/styles/src/event-timeline/sk-event-timeline-unavailable-retention.html	packages/styles/src/event-timeline/sk-event-timeline-unavailable-retention.html	100644	c394b0f8b90a249fbb96b404f551a9100ca13ddf	16a35df1c615a1f4a591cca0166ff3b2bc602a6cc0ec697ec972f3dd85b8e486	369
payload/packages/styles/src/event-timeline/sk-event-timeline-verified-marker.html	packages/styles/src/event-timeline/sk-event-timeline-verified-marker.html	100644	630003922a16e094649236f265b884630874677a	0193a3bd2c76f6dadbcc22ce30c196c5a3beafe7231cb9c15fa05e2746fcdd23	673
payload/packages/styles/src/event-timeline/sk-event-timeline.css	packages/styles/src/event-timeline/sk-event-timeline.css	100644	ed8a47e8176cbcfe828b20e0cea5d94090194d2f	476e400034a413a7d4e4831fc1c4d8792da13b2a3e3483379e3a9fbc331ea9ae	4259
payload/packages/styles/src/facts/sk-facts-compact.html	packages/styles/src/facts/sk-facts-compact.html	100644	ef8bd055155691f47600a0b5ef7e5f1ba0d232c8	327f9c77620794756c178581bbc5929591cc9c03a46bc4b5e7369bcb23f0c72b	372
payload/packages/styles/src/facts/sk-facts-empty-value.html	packages/styles/src/facts/sk-facts-empty-value.html	100644	e229c633f927dfac05291f4c3d0c4271c258c9e2	168c7f21ad2acb059507c391b0e243a56ad20f56733f4235751464fab1612659	550
payload/packages/styles/src/facts/sk-facts-html.stories.ts	packages/styles/src/facts/sk-facts-html.stories.ts	100644	ba16177d940c6dc0415f8521b2a1d6a04c95d283	7dd35ed275e8a248f11c3b9f00e619a0eb06f479a70a667d30d3ea63ea6cd04e	1062
payload/packages/styles/src/facts/sk-facts-long-value.html	packages/styles/src/facts/sk-facts-long-value.html	100644	633361460384b6475e279e2d91cd63b0cb5ad481	c1190cfed948681d996573e79f9691f00b7a556dd12c8e89445e813ccba5b193	791
payload/packages/styles/src/facts/sk-facts-two-col.html	packages/styles/src/facts/sk-facts-two-col.html	100644	af44fd352e2f97d2ff71437593e23d6556bfd7d8	0b00af24651d864946f3f6d06d42f6eaaa2d2466fbe34ad16ae84155c0ae801e	367
payload/packages/styles/src/facts/sk-facts.css	packages/styles/src/facts/sk-facts.css	100644	a1ecf125810f76126e308c4a3cf9ae059661518a	c59e085957d27c004a8bb931f01e627ba1617e9b4c6932c69d9d89878ae50d14	1747
payload/packages/styles/src/facts/sk-facts.html	packages/styles/src/facts/sk-facts.html	100644	002c9d695ee779a53cc3fc3245332abc4ca565fe	5474f16e119762ac15191cc7e0aaa931b54c2f7ff6ca9bb5252b6a0e267204eb	418
payload/packages/styles/src/form-select/sk-form-select-compact.html	packages/styles/src/form-select/sk-form-select-compact.html	100644	65ce0b419eef6bb8eb5ff81105848b0542c11f09	015b950d5eee905230e1a42e33e5c0c093e22db7f3a750bc8ddcd65ea2a7a5e6	421
payload/packages/styles/src/form-select/sk-form-select-disabled.html	packages/styles/src/form-select/sk-form-select-disabled.html	100644	b0e85d31ad618fc28b38d54c612cc4607d8d0664	0dfc93ee2b6022ba08d6433f8f1671cfc530a1e6a30de557bc6f6205be2a37b0	473
payload/packages/styles/src/form-select/sk-form-select-html.stories.ts	packages/styles/src/form-select/sk-form-select-html.stories.ts	100644	6ecf1a71a0c84f788e180bea928d80d3d2eee22c	d9fc142e8eaf072c2db89ce33d824b24779bf069bd81a6a0c7b22e71549bd7e1	2610
payload/packages/styles/src/form-select/sk-form-select-long-options.html	packages/styles/src/form-select/sk-form-select-long-options.html	100644	d61e190a1d72413fc616277517387430f7001978	0a575e2b00ef2413284b38cabb8801c1151d689378eec507df106087810f9ad6	416
payload/packages/styles/src/form-select/sk-form-select-optgroups.html	packages/styles/src/form-select/sk-form-select-optgroups.html	100644	02df3e48721aca7f3065d5819a327280bdea0d3d	d02f09cb19a2898c8b9acd4c662410063ce2acf31ad3b9d340c345ae06e00d26	571
payload/packages/styles/src/form-select/sk-form-select-required-invalid.html	packages/styles/src/form-select/sk-form-select-required-invalid.html	100644	3b7444a3bf070736fd9a543e2c923959ef0df411	aed61067db671314403a9fd8bc857e082097a61a5564fe72227e23dcd16692e7	628
payload/packages/styles/src/form-select/sk-form-select-t10-lane.html	packages/styles/src/form-select/sk-form-select-t10-lane.html	100644	44269526700cbef1c6b0857073e7458d95212b12	57668a27609641105b4998b69150597987c4da9d3f831ee1d2a8431b89022e18	601
payload/packages/styles/src/form-select/sk-form-select-t12-filters.html	packages/styles/src/form-select/sk-form-select-t12-filters.html	100644	fcaffeb9e359fb0ba8ba8e6772a57483b72cede4	ebd774bf1c76e344efaeea3fc13e63d48dfe1f435249562fe6e4038cf3048935	928
payload/packages/styles/src/form-select/sk-form-select.css	packages/styles/src/form-select/sk-form-select.css	100644	e6c32b15f01633eac2703ad34e4cb29b9093020c	e1c4fd2b741be0a2220389f50c5aa0f78aba84c9a26bcfa2ee32bc38d7347634	1280
payload/packages/styles/src/metric/sk-metric.css	packages/styles/src/metric/sk-metric.css	100644	4ecf5ef0148c667404b8b0949988f7df7ca38d62	113b5c0a9361d1cdc6f98bbebc2f62b2a08c7f3dee940b960dac2b80b7fb0262	5414
payload/packages/styles/src/nav-pill/sk-nav-pill-drawer.css	packages/styles/src/nav-pill/sk-nav-pill-drawer.css	100644	7ce08f450a52f2f26d8d5093cd64c4a6e63c6c84	2ee6af697e91aa9d14d0decfc4cd998727964d3374ff1ef98cd9ba86a7cfb7bb	8501
payload/packages/styles/src/nav-pill/sk-nav-pill.css	packages/styles/src/nav-pill/sk-nav-pill.css	100644	0a3113af0b47b2d44739d62905edd9225a635e18	0331f2fbfc9a93ac5eace6f880e52fe60b078dead4b8f8a3600f4a85dc469a16	5471
payload/packages/styles/src/nav-pill/sk-nav-pill.stories.ts	packages/styles/src/nav-pill/sk-nav-pill.stories.ts	100644	3b71bbc2634a9c1abb9c317a04beb2d0d955d9c9	c118be10fb2f05853df7068ca6a2675419f6d805c5ddffeea60afe6d770cd843	6205
payload/packages/styles/src/notice/sk-notice.css	packages/styles/src/notice/sk-notice.css	100644	e35e936090f40615c48bb7abc633eac14c13af47	b49bde2fef415e34654421e2b3913d17ccd19206fbd62d580f36d455d727a15f	15058
payload/packages/styles/src/page-header/sk-page-header.css	packages/styles/src/page-header/sk-page-header.css	100644	3430435de3e023952610f5b640371c0d071d3803	56937af52c3fd2a895e7e643bdaace964e286471b9e7cf81c9d3bc82148cd488	19168
payload/packages/styles/src/page-header/static/sk-page-header.static.css	packages/styles/src/page-header/static/sk-page-header.static.css	100644	80383bca481a1895a1687c282979302922270050	c1cfe42b5e5c6e383212c4dda90a1a0b1d5852928694b93f77f918ae174256b1	7764
payload/packages/styles/src/personal-rail/sk-personal-rail.css	packages/styles/src/personal-rail/sk-personal-rail.css	100644	293cd8ebc5e1ca20955b2c01e6a40e9b6dc3e1e4	968842b150f4fb49d7bf13a97c357782d0262e669b31bda3d43bb69278ace5cb	3022
payload/packages/styles/src/pill-tag/sk-pill-tag.css	packages/styles/src/pill-tag/sk-pill-tag.css	100644	010a1b4e6988ec6889b3afe7eabad34da660546c	fad6d47c8795730c8f9e93d1107746d3533be2d1a25527b3be1163e6e19fda74	8888
payload/packages/styles/src/pill-tag/sk-pill-tag.stories.ts	packages/styles/src/pill-tag/sk-pill-tag.stories.ts	100644	f54a166f17db0c55a4b2e819c5c023eaa169e76d	e0f0e8312d63f0cb06379c09fbcabefb4f5272dd01d505a9f3345c8a99f0b3cf	5823
payload/packages/styles/src/progress/sk-progress-compact.html	packages/styles/src/progress/sk-progress-compact.html	100644	611980092e36df58ded317bfa1ea30ce83839acd	346a8ee6d5ecc33bb7ad4cb1388e59f6dc9cf6ca31902dabb12487516b795b9c	375
payload/packages/styles/src/progress/sk-progress-complete.html	packages/styles/src/progress/sk-progress-complete.html	100644	eca8397e2399ce7680371feafd6fcc9bf1f87065	a85bb979121011bd9cc3128f622b87c22e57c439007645d2c267a0a097799b4e	322
payload/packages/styles/src/progress/sk-progress-forced-colors.html	packages/styles/src/progress/sk-progress-forced-colors.html	100644	f3b756755acc0648248a0b02e4e7c3dfb374fd64	4af49d5c2df1782ed5efc5d9ac5405ce250c0f397f04a0a92814638373cbe8ab	384
payload/packages/styles/src/progress/sk-progress-html.stories.ts	packages/styles/src/progress/sk-progress-html.stories.ts	100644	4dfd894f991bccf33337b8887eb2f85c15ab8318	095209c1b518b065d6061030ac0147ec439ff07fdb11c95f81f93b18c311b290	3390
payload/packages/styles/src/progress/sk-progress-indeterminate-compact.html	packages/styles/src/progress/sk-progress-indeterminate-compact.html	100644	3582d572bd96c3e25fab785aafe7f72db611427f	3c511984715e667b54f669225dda44a35fb7c073d2ec2e11b88d2013a7ba9c62	347
payload/packages/styles/src/progress/sk-progress-indeterminate-forced-colors.html	packages/styles/src/progress/sk-progress-indeterminate-forced-colors.html	100644	c13a104cb807fcf7badf30028085550068a6d5ab	bb78ae840e863e4291768ec9f846f671ae4b37af614aa3a58569381dd276e457	347
payload/packages/styles/src/progress/sk-progress-indeterminate-long-label.html	packages/styles/src/progress/sk-progress-indeterminate-long-label.html	100644	f793a7813d9baf182f776403ff06b3c6d5d835df	74506f9b6024d3a9f238085b5eac9177ea667311c3f698909fa217194fe5b3f0	429
payload/packages/styles/src/progress/sk-progress-indeterminate-narrow.html	packages/styles/src/progress/sk-progress-indeterminate-narrow.html	100644	d6d25c12cb2616212df14802346743bfa8018a6b	757e392146915d3835727079e77d1b5eaba51053616b66fcc6b6496e6c104b92	343
payload/packages/styles/src/progress/sk-progress-indeterminate-with-meta.html	packages/styles/src/progress/sk-progress-indeterminate-with-meta.html	100644	e1c966ebe7ee940ab8af0eecdc6facb968dbc145	181d2e0c4b8734543fa8213cd77cc6ef544393797c49de6cce007a95d8bf41c6	388
payload/packages/styles/src/progress/sk-progress-indeterminate.html	packages/styles/src/progress/sk-progress-indeterminate.html	100644	d72ff2e922aed3c35d5adc6e97f927eaa3551469	ccc1c90973638618a866db78fd7059e3eea18b8c0798f62d0b20f3ec55d39ae8	320
payload/packages/styles/src/progress/sk-progress-large-total.html	packages/styles/src/progress/sk-progress-large-total.html	100644	bee5ffa93c4587fed2241802a18c93aab590e97b	ad1f8da38035f204ad5f36275f0972ab6ff49313fcecabcb9b4272ab6f36125e	379
payload/packages/styles/src/progress/sk-progress-long-label.html	packages/styles/src/progress/sk-progress-long-label.html	100644	7dbb8d3ca73269af6b994e155e9a6e5f71e7d6f1	fa6c2652a807f62f93a41edd8860428661f96225afd39f398c6e81654f3e6de3	443
payload/packages/styles/src/progress/sk-progress-narrow.html	packages/styles/src/progress/sk-progress-narrow.html	100644	9952544535ca9362281b6289e2e2450293388dba	ff10b06aa053e41fc59877bc26827b59c5909c76433e638d8afef4a9beedbe70	371
payload/packages/styles/src/progress/sk-progress-t10.html	packages/styles/src/progress/sk-progress-t10.html	100644	520b9264a7f5a336d27a9eac453e08b46476365a	bd0061aca44d25d06526b4724c353bfef0b804f33432c2b342acdefed95874e2	343
payload/packages/styles/src/progress/sk-progress-zero.html	packages/styles/src/progress/sk-progress-zero.html	100644	c6ef82d2cc4858fd20ba8821d3144e1596070020	c61470314a9502900344a3f26f6f35e374b3dd2308f7767e847f4c6e3d2a77c0	306
payload/packages/styles/src/progress/sk-progress.css	packages/styles/src/progress/sk-progress.css	100644	8cab134c2380017883c86ce80429eac9dab1484a	9af2457be987574f14a137bff070a50efa13497de3cec744bb614d3dc0698d95	16350
payload/packages/styles/src/segmented-choice/sk-segmented-choice-all-disabled.html	packages/styles/src/segmented-choice/sk-segmented-choice-all-disabled.html	100644	a4f79171fbca8d6144c62ea120a67194952bd0ba	cc25078f1d538eee96b69c07e57f199094738a4d071bcf9a37c7f733c673e14b	408
payload/packages/styles/src/segmented-choice/sk-segmented-choice-default.html	packages/styles/src/segmented-choice/sk-segmented-choice-default.html	100644	55c45a009379fb17869a62b40a6bcf562ee2d0ce	b54b2549c0f5f39160eadad824f85846667e883903b2149967af504666803d4d	369
payload/packages/styles/src/segmented-choice/sk-segmented-choice-five-items.html	packages/styles/src/segmented-choice/sk-segmented-choice-five-items.html	100644	af681c10bca9a60e6a6c7fea0be3b5dc3d169a5a	4e56d995a3e532b38c5bbe358dd85947f124fcfe621c129e09d17d3addb622f3	545
payload/packages/styles/src/segmented-choice/sk-segmented-choice-html.stories.ts	packages/styles/src/segmented-choice/sk-segmented-choice-html.stories.ts	100644	8e4be64c9f55a77a9ebc60b2fac6f2a21b4c1087	dff6ecb3a1479b2afaa19b03ea114077d9252fb28c7783747d8254647846b2bd	2680
payload/packages/styles/src/segmented-choice/sk-segmented-choice-long-labels.html	packages/styles/src/segmented-choice/sk-segmented-choice-long-labels.html	100644	9f90fa8c3af6a8599c011f68e10ef3ceb2795a27	339fb3ed7d3c7a984feb4cca6e68efc721ecdfb0159bd027a0c2a18cc3b8a17d	426
payload/packages/styles/src/segmented-choice/sk-segmented-choice-no-selection.html	packages/styles/src/segmented-choice/sk-segmented-choice-no-selection.html	100644	7c9799c0bb4ee415bbbfe00b17f138cb1f4d5526	b16499197e2d9c62aee680343ef44aa0eec27ef217327330d4819a0ff275b64a	370
payload/packages/styles/src/segmented-choice/sk-segmented-choice-one-disabled.html	packages/styles/src/segmented-choice/sk-segmented-choice-one-disabled.html	100644	d5d0189b91eac8719a5b86fe49ac7120d585a79e	a800a114c315c02c2d591327ee94887d5640b1de1dcee7c70a9f281c2c89ab39	378
payload/packages/styles/src/segmented-choice/sk-segmented-choice-second-selected.html	packages/styles/src/segmented-choice/sk-segmented-choice-second-selected.html	100644	a83ee9c9f5878d9d870cba403506082d8426d2aa	4cc84999d730d9200a3d81d1e8a00384acf24fe543a9bf18d0a12e7e1fdcad8e	369
payload/packages/styles/src/segmented-choice/sk-segmented-choice-third-selected.html	packages/styles/src/segmented-choice/sk-segmented-choice-third-selected.html	100644	c967625bf7e9480a2b406baa6d84f8eddf08efd9	8c830a1d91e8035f67047b0e78d631008fbc466fca1eb32bee4d29a4e67b10a5	369
payload/packages/styles/src/segmented-choice/sk-segmented-choice-two-items.html	packages/styles/src/segmented-choice/sk-segmented-choice-two-items.html	100644	af9b9b5405ffc9a040d7b6340bc83eb677927264	ce4432f4fb2417a8875aa2fedb030d76e8cc5eabe94c91cc7f0df3c5659f9ebb	267
payload/packages/styles/src/segmented-choice/sk-segmented-choice.css	packages/styles/src/segmented-choice/sk-segmented-choice.css	100644	47dff4f78580d4c5133b23c4cb3a3752ce206cc5	627f4c510ad5326f5dda0c4c31c42add33e97f442862ddad2581753226383159	2799
payload/packages/styles/src/status-indicator/sk-status-indicator.css	packages/styles/src/status-indicator/sk-status-indicator.css	100644	35700af1fb4b1674b651be6a822a75d6f72c895c	272bb9079b25a2304b57c2fca3a958e5d9c4dd6fd4fbd6d1cc9cfd7bc19362fc	2936
payload/packages/styles/src/workflow-board/sk-workflow-board-all-empty.html	packages/styles/src/workflow-board/sk-workflow-board-all-empty.html	100644	96fceddb58f7842d76ab9a32366177b493568953	e779586d1110f7b8f6de3d24e8ab86f9a3474fe40e20722ee55c7ac6bd58fe0a	3747
payload/packages/styles/src/workflow-board/sk-workflow-board-fifty-items.html	packages/styles/src/workflow-board/sk-workflow-board-fifty-items.html	100644	549afbbeb3837d1c488d78eccc04d6ad9b663951	279df468c26f36b16c6a697b9c98edf2fda3bad5b3744cdfe4d87b65c8614d3f	2359
payload/packages/styles/src/workflow-board/sk-workflow-board-fitting.html	packages/styles/src/workflow-board/sk-workflow-board-fitting.html	100644	ad9d05a72db4467edbd724daaabc16c570b27c3d	2b70a23049c8c397d406201ed949a1b7ca98f54c8442a03ef625239d703b9d7b	3047
payload/packages/styles/src/workflow-board/sk-workflow-board-html.stories.ts	packages/styles/src/workflow-board/sk-workflow-board-html.stories.ts	100644	43e49c7518e335d4fd2ff1d942ee5ee6330108ca	9872453d4fdb97b298fa583a4c384157351dd044e24ca57ca7fae997625894c7	3027
payload/packages/styles/src/workflow-board/sk-workflow-board-long-labels-and-items.html	packages/styles/src/workflow-board/sk-workflow-board-long-labels-and-items.html	100644	14acae5ddcd05cb373bc2287e62c17bce0d3c554	eab91baa6880e2a2abd1b4f1af1022c53c3677ba1f51b76c583d0ce69cda3081	2235
payload/packages/styles/src/workflow-board/sk-workflow-board-one-empty-lane.html	packages/styles/src/workflow-board/sk-workflow-board-one-empty-lane.html	100644	32651cecbade5e0a90281b2275ef488f0fb3d4fe	54992ed89f1a35cab15ca9e076b8fe262329739476cc07166c992f2b65ab92b4	3222
payload/packages/styles/src/workflow-board/sk-workflow-board-populated.html	packages/styles/src/workflow-board/sk-workflow-board-populated.html	100644	586c38668c58561ce53cf23b6570dbe0118377ab	f82a5d7d222d5aab0da908a2eb8b3a3abf3bfa114781164a6da47b0ce8d94dae	3265
payload/packages/styles/src/workflow-board/sk-workflow-board-single-lane-narrow.html	packages/styles/src/workflow-board/sk-workflow-board-single-lane-narrow.html	100644	79c3c12a6b407aa28c547a039c8180ea97712378	05c0ab7bd8e4e2bf7d38987835e947a17081b24ab07cdd417b1204d1ff6d20f2	880
payload/packages/styles/src/workflow-board/sk-workflow-board.css	packages/styles/src/workflow-board/sk-workflow-board.css	100644	ba0dbe2b877c91e43db8bee0163166d66ce3be74	289339d33dba58ca968f3a44c63304765b218dfca82e0cac2d107087bdf8a33a	1193
payload/packages/styles/src/workflow-lane/sk-workflow-lane-default.html	packages/styles/src/workflow-lane/sk-workflow-lane-default.html	100644	29605b1c311d73c03fcb9879accb025c8dd11c1f	fdfad94b89053eb844c1dcc8122d419ada31dee703a700e0c270d87a5ee06a3f	616
payload/packages/styles/src/workflow-lane/sk-workflow-lane-empty.html	packages/styles/src/workflow-lane/sk-workflow-lane-empty.html	100644	a12b01f6b7a5af17d803940903b78184075d38c8	b08183fe87f2e9194d1eff6f1b839a53577d4da4a98ee2867a4178138987b0db	710
payload/packages/styles/src/workflow-lane/sk-workflow-lane-html.stories.ts	packages/styles/src/workflow-lane/sk-workflow-lane-html.stories.ts	100644	13f58811bbcd026c39270a9ab6c642ca7054b1ba	848e8c6125c32eaeed43945c116a0a72e5d473f3e4ed974ca92f54b709ba4e4c	837
payload/packages/styles/src/workflow-lane/sk-workflow-lane.css	packages/styles/src/workflow-lane/sk-workflow-lane.css	100644	8af2fd54cd3478ddb0d88b45d6ef1a4129814aac	7bb2b418a23777f90023262ce0049b92f557ff8dfdd93ef08528ad0f4583cd1a	1884
payload/packages/tokens/src/fonts/FallingSky-JKwK.woff2	packages/tokens/src/fonts/FallingSky-JKwK.woff2	100644	135430d514d880e47fc58b61b27593bc211a1e72	ba4179b33f6f0a1b5a0eda10239e17b219857d6eefa9032b33617c6f9b3e7771	50280
payload/packages/tokens/src/fonts/FallingSkyBlack-GYXA.woff2	packages/tokens/src/fonts/FallingSkyBlack-GYXA.woff2	100644	61cc45cd924a5c0f24e5bcd57269867aaa8efa08	495176a1de9148f0801917e1495250793cacb6df89b394089ef47b0112371e63	57584
payload/packages/tokens/src/fonts/FallingSkyBlackOblique-j37y.woff2	packages/tokens/src/fonts/FallingSkyBlackOblique-j37y.woff2	100644	8cea673f5b24e9c35da965e9f293cc654540998a	eea507aaaf7f5f7b1bf49c92eab3e819afc044741e44a1422021bd50ef01271a	56184
payload/packages/tokens/src/fonts/FallingSkyBold-zemL.woff2	packages/tokens/src/fonts/FallingSkyBold-zemL.woff2	100644	adbf8b7dc1ba68d5799bea317ebd2538c98ad655	10285c25520a1791510305034dfd597661200acebf683fa54efad11a136f1a4f	59976
payload/packages/tokens/src/fonts/FallingSkyBoldOblique-5zmv.woff2	packages/tokens/src/fonts/FallingSkyBoldOblique-5zmv.woff2	100644	dbd78e87ed80c026d54fce02a3cebb0ed7999d66	63c4593d410241973b4ad34bf103a971902ea5f5dcb1f0f240e6326e77a55b7c	56376
payload/packages/tokens/src/fonts/FallingSkyBoldplus-6GZ1.otf	packages/tokens/src/fonts/FallingSkyBoldplus-6GZ1.otf	100644	fe32e0632f72be1492b5ad47ef05da494f037dff	b67dc811f597ba65238097f0fdc01a431cadab2c6517aab2945e8add2ca95ae7	143556
payload/packages/tokens/src/fonts/FallingSkyBoldplusOblique-yxmV.otf	packages/tokens/src/fonts/FallingSkyBoldplusOblique-yxmV.otf	100644	6f3529d85c34047f8d073a345188c4776ad44115	adb9272c13e9ec9e0edac991dac24519a1571bd7b19b5be3630496c58ae1e53a	141488
payload/packages/tokens/src/fonts/FallingSkyCondensed-9qm2.otf	packages/tokens/src/fonts/FallingSkyCondensed-9qm2.otf	100644	c3732e87104062e4fc699145008185e6820d1e00	3e74be9a18429ae7edbc9b4f008e6e0cadca60b1e38d70465a5582a79c41918c	127288
payload/packages/tokens/src/fonts/FallingSkyCondensedOblique-leLw.otf	packages/tokens/src/fonts/FallingSkyCondensedOblique-leLw.otf	100644	96cc809aa0e16f832e3cf14a713d9552bea39ccf	2e80f12f225960aa9ef31b19a19e4e29d3c8a7ebcb5a58e8ef1cff53abe2969d	125992
payload/packages/tokens/src/fonts/FallingSkyCondensedOutline-n5XO.otf	packages/tokens/src/fonts/FallingSkyCondensedOutline-n5XO.otf	100644	5db75bf0bacd0d7d151325feb416ccb98e9e1544	53ef885ed448f5392e36dbdefee6b9793acc05af81f638afa695d7c875fbf302	227268
payload/packages/tokens/src/fonts/FallingSkyCondensedOutlineOblique-1qZv.otf	packages/tokens/src/fonts/FallingSkyCondensedOutlineOblique-1qZv.otf	100644	d77265a2c7902f086ee39a39c792482fa076d3ca	c1bc93a12439f08f3298c28f4b3d397f15ed345a55bb7149ba064a5e6f3e1a5d	226164
payload/packages/tokens/src/fonts/FallingSkyExtended-RLdE.otf	packages/tokens/src/fonts/FallingSkyExtended-RLdE.otf	100644	5069d023710373e1350e2a64c71cb0dfcc43cb04	736a8f9f252cc0833ad339de1ee3b0a0770856c12bbf7bab4ad3ee54416690f4	129928
payload/packages/tokens/src/fonts/FallingSkyExtendedOblique-BnYw.otf	packages/tokens/src/fonts/FallingSkyExtendedOblique-BnYw.otf	100644	125999ed4018c33c19daa2633a89cbf5d9946715	523414555e4f5f9d2123aa68eaf498e47d034fbcc30fefd4b984cb1ceca4b98a	127016
payload/packages/tokens/src/fonts/FallingSkyExtendedOutline-8qjn.otf	packages/tokens/src/fonts/FallingSkyExtendedOutline-8qjn.otf	100644	4b704224e1c42a0c027facde69a2ba377e98d836	ee98dddbccb55b2e209769d1032f77e3917d7553a22f35f0a07ebb88a32fecd7	230304
payload/packages/tokens/src/fonts/FallingSkyExtendedOutlineOblique-YBO2.otf	packages/tokens/src/fonts/FallingSkyExtendedOutlineOblique-YBO2.otf	100644	57e07faa551de02944a6dbe67656a9800cd28b57	91749dac80fd463301ca78577081b5374eb90cbde5f9d8534c4bead0d72b5dca	228160
payload/packages/tokens/src/fonts/FallingSkyExtrabold-redB.woff2	packages/tokens/src/fonts/FallingSkyExtrabold-redB.woff2	100644	339ce617029915d53bede36ece1441724eafd58e	5fb3d0d2d178c95e9eade3a3031909864d63b86963b9a7412206f2d4de4745ee	63620
payload/packages/tokens/src/fonts/FallingSkyExtraboldOblique-MwdP.woff2	packages/tokens/src/fonts/FallingSkyExtraboldOblique-MwdP.woff2	100644	933fcf23d47d83004b611d24a1105b58204653a8	7a69a6b402f25b03149e529e00bd7ac00511aa759d8f58f96a71d3ded7d72e0c	61956
payload/packages/tokens/src/fonts/FallingSkyLight-K2EX.woff2	packages/tokens/src/fonts/FallingSkyLight-K2EX.woff2	100644	9c467b5789f2ee5f8eac45ad81bc5a06f6c51024	cef479fd0be2692345e757947e865aeac9aba4f8f2255cd1078acec61b3b4604	58732
payload/packages/tokens/src/fonts/FallingSkyLightOblique-2q3o.woff2	packages/tokens/src/fonts/FallingSkyLightOblique-2q3o.woff2	100644	db3971f14ff3b7557e3676173de49d489b502b5a	98af8d9af1295457617956833cb1bfb767ab80bd7ea9751bc73535f98c0f433b	57456
payload/packages/tokens/src/fonts/FallingSkyMedium-ved9.woff2	packages/tokens/src/fonts/FallingSkyMedium-ved9.woff2	100644	ea8c40ee24cb0673d968261ec0905da2809a6396	19d6e5bf6cc35abcef111865a2658ad4f05ae03e7e23965fd65af421ef33cfb8	58968
payload/packages/tokens/src/fonts/FallingSkyMediumOblique-leLD.woff2	packages/tokens/src/fonts/FallingSkyMediumOblique-leLD.woff2	100644	224ae51c0a31151464f17443b17691676561f6f6	abab84f9c9d0350ea86a8021ee96e1b3aab9fb6317b45e7b7612083ee282d634	57500
payload/packages/tokens/src/fonts/FallingSkyOblique-n5XV.woff2	packages/tokens/src/fonts/FallingSkyOblique-n5XV.woff2	100644	0bcfb79b19c6b35ef888296f7558564cb2e422b5	4e5b4dc49e7a48152e93348733aaa942a0bf1053e322573f464555c94c31b665	49156
payload/packages/tokens/src/fonts/FallingSkyOutline-1qZ0.otf	packages/tokens/src/fonts/FallingSkyOutline-1qZ0.otf	100644	1d4efdbff68d87678f42119002315ea5817ca8cd	7e992d54cd17bad97cb09d6ac0dafdc8ff41363a7acb247f9a72d01831ece07b	215036
payload/packages/tokens/src/fonts/FallingSkyOutlineOblique-RLdV.otf	packages/tokens/src/fonts/FallingSkyOutlineOblique-RLdV.otf	100644	a87c39895d47cd5d2a127ace9661b1a3980ffb6a	0573927234a76e87fbd0035a3a0bd80237bafddd017d6f306810b200fc19d8d6	214012
payload/packages/tokens/src/fonts/FallingSkySemibold-Bn7B.woff2	packages/tokens/src/fonts/FallingSkySemibold-Bn7B.woff2	100644	bde84119343aa179c62aa50b857deeb84bebe1f6	e05fc94a6ae8c492bd66294200a291fadb68bb64e33bbb34f05e22157da9bfc9	60312
payload/packages/tokens/src/fonts/FallingSkySemiboldOblique-8q7M.woff2	packages/tokens/src/fonts/FallingSkySemiboldOblique-8q7M.woff2	100644	9168215eaf458e8d53bf3d38c49fd437aa2c36a3	8cbf4418f24d0413d4e6f3b757790dd3dae3982f44c6fb87140c701675e9e869	59644
payload/packages/tokens/src/fonts/Inter-OFL.txt	packages/tokens/src/fonts/Inter-OFL.txt	100644	40589daa9de8bc96606292ea0be712ff0f0626eb	3b0a5fca3d17942cde889069889dedbbbd075e9b599968c82a95f4d944e9b345	4477
payload/packages/tokens/src/fonts/inter-latin-400-normal.woff2	packages/tokens/src/fonts/inter-latin-400-normal.woff2	100644	f15b025d666269fb07daf0263e54231481e4289c	8909904ab6c872eb994093482a88a28eca2cd95912d7b6fecd72103b0dc07edc	23664
payload/packages/tokens/src/fonts/inter-latin-500-normal.woff2	packages/tokens/src/fonts/inter-latin-500-normal.woff2	100644	54f0a595dd3c76344a980109e7517ed42416de93	f3779f1efccc4bdcdf9c0a02ab95bf6bd092ed09c48c08cedc725889edd1d19f	24272
payload/packages/tokens/src/fonts/inter-latin-600-normal.woff2	packages/tokens/src/fonts/inter-latin-600-normal.woff2	100644	d1897949fda5c7fc5f04622df43a3fcba5b89d84	f9a06e79cd3a2a20951c0f0e28f66dd0e6d3fda73911d640a2125c8fcb78f21a	24452
payload/packages/tokens/src/fonts/inter-latin-700-normal.woff2	packages/tokens/src/fonts/inter-latin-700-normal.woff2	100644	a68fb101cd9224aa7bb6ca80356b5132c40c6f3f	6f56409fd3d64bb85f7d070bce20749db2d66b6d63cec586cc22d1c761be2491	24356
payload/packages/tokens/src/fonts/inter-latin-800-normal.woff2	packages/tokens/src/fonts/inter-latin-800-normal.woff2	100644	74a16d45945264434aa7409e79549c626ebcdfb1	a7d0a50f15d389cad679238466bdb5fc9787aa0715719064ce25abaff042820d	24400
payload/packages/tokens/src/fonts/inter-latin-ext-400-normal.woff2	packages/tokens/src/fonts/inter-latin-ext-400-normal.woff2	100644	5243e4b2b0274fc97d305e79363e8040975c8775	6744a7f509ebc6ab220a6cd4ea77e898adf014f03d88dcda5d45d8a9feefb4e9	35000
payload/packages/tokens/src/fonts/inter-latin-ext-500-normal.woff2	packages/tokens/src/fonts/inter-latin-ext-500-normal.woff2	100644	2ab7ebf6372b02a3c555eae04f3ada8f1ffeffe1	2c6fbc42d315528beb06c1096df45487bf4186c4b78b8111d12c9c951f8acca2	36024
payload/packages/tokens/src/fonts/inter-latin-ext-600-normal.woff2	packages/tokens/src/fonts/inter-latin-ext-600-normal.woff2	100644	bad65d4b7a4e7ded6d25e998a8441fb256de9a79	e4bdf67b0cd15ca9e184509275be95db942195d3cc2b17f6a0452f2adf75d0bf	36260
payload/packages/tokens/src/fonts/inter-latin-ext-700-normal.woff2	packages/tokens/src/fonts/inter-latin-ext-700-normal.woff2	100644	c9507e3f354ce4650d2896157dfe8755cdf5f2e3	143f9504f1377012aa3e39c90c4354ef429cb0494b9ac0e1437f1a81e5412236	36244
payload/packages/tokens/src/fonts/inter-latin-ext-800-normal.woff2	packages/tokens/src/fonts/inter-latin-ext-800-normal.woff2	100644	a0878909bf929e096e9117e5476264adc802f078	eade55593308b9e4916dd7f47826929ce3e40cad85a2b338d56e5fd1e7bf8e5e	36128
payload/packages/tokens/src/tokens.css	packages/tokens/src/tokens.css	100644	6d4e4f63869c5ad79915182d5f39030581af2cd0	66ac097673a032f46a96d6aa80a4a3fdf0d3f00eafb52fe3c4cd169f05dea817	49485
payload/source-maps/tokens.css.source-map.json	packages/tokens/src/tokens.css	100644	6d4e4f63869c5ad79915182d5f39030581af2cd0	6bed6f36c8c5fc04be1374a0fb53c195e2baf1dfb615c631b15da34fd6ba58b0	7958
