id,date,claim,evidence_source,evidence_location,confidence
E1,2026-09-10,"ADR-15 rules #304 as a SPLIT: size/border may freeze as equality-gated static API now; image axis may not, only as a documented authoring instruction.",docs/architecture/decisions/2026-09-10-15-static-form-of-element-backed-css.md,"section '## Which gated children may freeze a static API, and in what form (FR-003)', #304 bullet",high
E2,2026-09-10,"::slotted(img) appearance (display/inline-size/block-size/object-fit) reproduces exactly on a document descendant rewrite; cascade position does not, because an outer-tree declaration always beats a ::slotted() declaration regardless of specificity and stylesheet order.",docs/architecture/decisions/2026-09-10-15-static-form-of-element-backed-css.md,"section '### 3. ::slotted() child rule — shadow-only', O1-O10 tables",high
E3,2026-09-10,"sk-entity-marker.css already carries the ADR-15 header-comment instruction for the image axis, including the (0,1,1)/(0,2,1) worked example and the three-row tie-boundary table.",packages/styles/src/entity-marker/sk-entity-marker.css,"file header comment, lines 1-40",high
E4,2026-09-10,"An earlier ADR-15 draft transcribed the (0,1,1) figure into the #304 paragraph and was corrected at pre-merge gate; the corrected text explicitly warns future authors not to transcribe a specific figure.",docs/architecture/decisions/2026-09-10-15-static-form-of-element-backed-css.md,"#304 bullet, final two sentences",high
E5,2026-09-10,"sk-entity-marker today ships one default box (--sk-space-7), one --sm box (--sk-space-5), a --circle shape, no border modifier, and exactly one image rule (::slotted(img)).",issue #304 body (gh issue view),"'Evidence' section","high"
E6,2026-09-10,"#212 explicitly rejected a separate sk-avatar; #304 extends sk-entity-marker instead. #300 confirms sk-avatar as an excluded/already-owned item with the same disposition.",issue #300 body (gh issue view),"'Excluded and already-owned work' table, sk-avatar row",high
E7,2026-09-10,"#286 (no user-visible literal in render()) is open and cross-cutting; #308 set the precedent of a component-scoped red-first no-literal test in behaviours.json rather than a repo-wide gate.",mission brief (operator-provided) plus epic #300 body,"epic #300 'Shared constraints' item 1; mission brief 'Hard constraints'",medium
E8,2026-09-10,"sk-entity-marker has no packages/elements/src/entity-marker/*.markup.ts file; the markup module is optional per the component-authoring recipe and this component does not have a generated static-HTML form.",repository file listing (find/git ls-files),"packages/elements/src/entity-marker/ directory listing",high
E9,2026-09-10,"#303 (sk-boundary-page) composes #302 and #304's surfaces per the epic's dependency graph (T4 --> T3), and #300 states #303 needs the named size scale, shape, border, image axis and unchanged naming contract.",issue #300 body (gh issue view),"mermaid dependency map and 'Sequenced public-boundary lane' section",high
